flag_id,transaction_id,flag_type,description,flag_timestamp
1,1537,small,Talk what behind picture before between compare her off.,2022-12-29 14:56:22
2,4366,author,Wind first animal work production morning under wait produce need.,2024-12-01 08:57:52
3,3430,born,Possible debate worker dog floor position late scene contain.,2020-06-09 23:07:02
4,1269,alone,Operation list team smile far realize while meeting trouble.,2024-05-29 23:47:40
5,2645,when,Interest hotel school fund market line.,2021-09-24 16:35:31
6,94,glass,Book suddenly who my.,2024-11-18 23:58:04
7,2523,official,Recognize economic girl word case civil article.,2023-09-26 11:57:10
8,1722,avoid,Impact walk painting turn senior wide.,2023-02-06 08:39:11
9,1170,including,Southern certainly range pass can.,2020-06-09 12:49:03
10,1163,within,One student she bad area.,2020-02-11 09:50:38
11,3745,trade,News area check together Mr.,2020-05-16 18:55:48
12,760,manager,Huge fill interest two include through finish house.,2023-01-29 10:26:03
13,3211,much,Parent recognize read when everybody just.,2020-02-03 22:11:09
14,328,painting,Within back worker responsibility floor analysis.,2020-01-02 14:13:23
15,3814,success,Hope turn just every mouth.,2021-03-25 02:24:31
16,1650,me,Line effort think option want.,2022-04-08 17:11:13
17,428,style,Worker bag speech social why for near car smile.,2024-08-07 17:13:41
18,4235,anyone,Else participant about indicate personal air in create agreement.,2022-09-10 21:15:02
19,865,anything,Action then spring call fall positive.,2022-01-23 13:11:51
20,4559,accept,Raise trouble least our call.,2022-07-29 05:45:07
21,4422,range,Specific stop full forward raise me upon prevent impact.,2020-05-19 02:39:24
22,3679,you,Without land stock mouth necessary our something get respond step.,2024-03-30 14:35:40
23,2718,theory,Town too hospital ahead drop firm always.,2021-09-07 15:41:55
24,4572,hear,Activity sort final person offer mention church industry soldier already.,2022-01-04 17:42:56
25,1123,mean,Soon community much nation scientist.,2020-12-20 23:34:01
26,2345,summer,Position challenge such clearly national product five of.,2024-11-17 19:04:30
27,4142,at,Along cost must term.,2024-12-13 07:43:31
28,4401,fall,Million money change chair especially almost property scientist newspaper hear than.,2024-02-03 20:46:17
29,1544,site,Dinner success forward account practice tell race point.,2024-01-25 19:29:57
30,4191,specific,Budget let office wish share.,2023-06-11 17:32:39
31,4174,full,Test pull low manager.,2024-03-04 09:25:05
32,1226,clearly,Manage case focus your debate close nice.,2022-10-13 11:58:07
33,4476,mouth,Collection say many set adult fine.,2023-03-08 20:30:49
34,3683,growth,Deep our rich society her and forget boy example career.,2023-05-18 08:45:13
35,4725,player,Site defense product size everybody here concern beat no.,2021-10-11 20:46:00
36,2382,magazine,Animal young particular with between yard quite across.,2020-02-27 04:48:48
37,2750,carry,Matter sign go be court role staff run add.,2022-12-24 11:44:36
38,1776,live,Player few very pull safe who almost.,2022-04-02 00:58:33
39,1925,hand,What quality every chair medical technology whether first by.,2020-04-16 22:55:43
40,1389,budget,Above past west will risk particularly.,2021-04-07 03:12:19
41,396,end,This mission consider indeed alone might why attack firm.,2024-05-11 01:30:54
42,2203,whose,Quickly top seven defense item have be state.,2024-12-21 12:23:54
43,1704,page,Give price decide take life let two.,2023-04-19 22:26:33
44,1978,science,Vote sign student nation general western choose.,2021-12-10 18:57:32
45,765,less,More organization make cause business act catch car.,2021-03-31 11:46:21
46,2936,memory,Away car character out happen.,2024-01-11 12:31:55
47,358,available,Task class that miss rich wall.,2020-08-17 16:24:58
48,2335,poor,Me design should half leg several.,2021-03-29 21:35:57
49,3681,speech,Receive week of like debate.,2023-08-23 17:36:05
50,4498,between,Against table require environment career assume chance degree tree chance.,2023-11-28 17:36:32
51,2553,training,Example structure employee continue week third charge sound.,2022-03-10 15:49:46
52,2892,authority,Each TV store market black.,2021-11-28 23:26:57
53,2735,movie,Some blood attack piece college its.,2021-01-14 16:24:04
54,235,material,Entire provide responsibility seven Democrat affect green investment art education.,2021-03-21 23:31:06
55,1356,become,State admit hotel stay decision spend west end.,2023-06-26 14:24:46
56,1482,positive,Physical establish authority cup beat team.,2024-09-17 10:22:41
57,31,argue,Budget me thousand always chance culture return.,2022-11-17 11:26:19
58,1354,son,Several at success artist best heart all door.,2020-06-14 05:11:49
59,1533,moment,Use event hospital human sort start.,2024-06-19 23:11:01
60,1144,mother,Instead life book media nearly party same.,2020-05-02 08:42:47
61,1432,mean,Professional past show fight soldier example billion.,2020-10-16 19:37:32
62,473,Congress,If maintain management rather.,2020-04-25 02:04:45
63,2292,crime,Guy capital concern at find describe represent.,2023-03-03 00:49:00
64,4832,dinner,Positive speech modern argue which improve.,2022-06-27 10:46:24
65,868,development,Perhaps rather capital long language key.,2023-06-01 01:56:01
66,1002,song,Minute recently animal show car.,2022-12-25 17:52:47
67,2267,one,Full mean any work believe red start per assume.,2021-11-13 19:32:54
68,2929,middle,Trade eat long service American.,2022-08-22 04:47:23
69,107,assume,Real tonight mouth amount test quality.,2021-09-06 04:35:04
70,1254,writer,Public organization join industry ten investment everyone physical.,2024-06-25 03:20:07
71,3438,design,Term cover production result probably.,2023-03-25 08:42:55
72,1005,cup,Usually teach always positive try discover seat.,2022-11-28 20:57:06
73,1867,through,Fish treat nearly tonight next final full between national.,2023-07-25 13:33:48
74,4481,well,Care arrive decision show stop material month also top.,2021-07-27 23:56:17
75,239,foreign,Answer glass night available travel.,2024-04-14 10:35:11
76,3427,seem,Under even brother newspaper he because pull exist long.,2020-04-01 19:44:38
77,1291,lose,Start music senior animal community across ball.,2022-11-17 15:04:34
78,3796,leader,Base design page road especially rule.,2021-12-12 15:37:13
79,4026,test,Technology including market institution certain memory.,2020-01-02 13:24:30
80,2347,author,Attention president property probably born writer analysis area mind box.,2024-08-31 11:17:55
81,4443,baby,Sit with only truth brother audience better both commercial likely.,2023-12-14 17:18:17
82,1038,its,Just put school magazine American reflect already blue.,2024-03-08 08:10:45
83,4582,least,Use marriage mouth radio threat purpose control.,2022-04-16 02:37:22
84,3699,leader,Still true sure participant ground theory.,2024-09-01 19:58:53
85,1081,shake,Market born quite week now let technology.,2023-12-17 08:26:27
86,4793,audience,From school floor Mrs character garden newspaper.,2020-08-18 21:55:00
87,1166,hear,Loss arrive sense town Congress traditional traditional face him after.,2022-05-18 00:29:21
88,4629,not,Beautiful rather rather conference cultural explain girl one.,2020-10-24 23:18:25
89,3061,according,Indeed show arm indeed response in everyone fear end.,2023-05-01 23:27:42
90,615,move,Market than have letter both wear in technology explain.,2023-09-19 11:01:04
91,3773,contain,Plan work military main moment exist move material than.,2022-05-01 13:21:30
92,4636,carry,Standard focus anything learn similar.,2020-03-13 20:24:29
93,958,however,Whatever actually here stand far more stuff during base.,2024-02-03 03:45:47
94,2098,new,Follow seat world situation mean.,2023-04-19 01:32:10
95,208,specific,Reflect situation final attack accept national company word leader.,2020-04-10 16:06:28
96,1711,eat,Sister nothing way raise return single chance condition.,2024-08-16 18:47:09
97,658,explain,For drive yeah baby according tax fire thought worry remain.,2024-08-19 07:24:15
98,3852,blue,Interview campaign a must feel.,2023-10-09 19:11:23
99,4321,anything,Phone a simply through number professional.,2021-11-05 10:54:52
100,3420,mother,Political specific again exactly body school week travel.,2024-08-25 20:33:06
101,2857,fast,Leave when picture example course million ever rather.,2020-01-07 20:22:33
102,3117,a,Pass many parent court life baby.,2024-06-11 23:22:23
103,4863,majority,Subject do usually must first two according exist.,2022-01-27 02:24:19
104,3017,nation,Talk available prove executive apply every hard.,2020-05-10 21:30:45
105,1374,clearly,Arm strong kid who that next.,2022-04-11 22:16:38
106,1720,professional,Sometimes eye week hold leave.,2022-06-02 19:24:10
107,4353,base,Deal social air store billion ago her cultural cup.,2022-11-11 08:24:35
108,1983,cup,Thousand plant medical among save fund particular one.,2020-08-07 16:34:29
109,817,win,Prepare occur rather probably body finally or son.,2022-11-16 06:26:43
110,3553,move,Be different some cover remember heart none Mr.,2024-03-04 07:01:34
111,4594,war,Do north environment general movement beautiful.,2022-03-19 03:46:25
112,165,likely,Detail decide probably society she.,2020-10-22 17:37:11
113,2804,red,Population hand practice fish go ahead senior.,2022-04-21 08:00:07
114,147,season,Democrat nearly deal point page small miss radio.,2020-03-24 23:58:09
115,2775,close,Training rock participant bag out house stuff foot price.,2020-03-23 23:25:14
116,4632,though,Deep character first base center degree doctor sometimes support.,2023-06-18 15:18:51
117,4246,administration,North military process trip condition off.,2022-12-10 10:24:14
118,3359,member,Choice certain dark talk likely green.,2021-10-26 02:19:11
119,235,pressure,About glass here seven deal purpose establish push west.,2021-03-23 11:43:00
120,159,lawyer,Fire painting stay democratic sound about itself can.,2022-02-25 13:36:09
121,4664,blue,Key base involve record fast civil.,2020-11-30 05:01:43
122,3484,so,Why board majority many figure goal little how cost education.,2021-01-31 06:01:26
123,3501,after,Scientist factor that change bad performance doctor what.,2020-06-09 09:58:04
124,1745,law,Could at hundred class country.,2021-09-09 08:34:09
125,3851,type,Address toward total new send church position common weight.,2023-04-27 12:52:32
126,42,off,Policy figure modern near day office sport.,2022-11-15 18:55:21
127,212,involve,New administration network floor region strategy.,2023-08-19 04:22:35
128,4460,after,Others first draw heart especially through.,2021-07-05 00:18:40
129,1834,technology,Policy yeah part rather nature quality quite receive little him.,2024-04-16 20:47:52
130,2814,fall,Color campaign wish data out always population.,2023-12-11 20:02:58
131,3520,hand,Cold voice suggest mention reach southern involve agency.,2022-10-25 00:31:58
132,4736,perform,Idea until at reflect central blue he then and.,2021-06-28 04:19:52
133,705,run,Put dark investment able and think floor discussion base.,2022-03-18 22:19:40
134,2811,night,Husband glass less size protect another wide.,2021-08-25 02:55:15
135,1915,environment,Quite unit increase surface benefit seem detail whether garden.,2020-10-26 06:45:43
136,1598,try,Since money scientist college read Congress degree between my morning.,2021-10-12 20:13:43
137,3799,white,Experience add begin face score nation central position continue different.,2024-12-18 05:10:56
138,2810,cultural,Especially voice fight shoulder music quite.,2024-02-09 00:32:56
139,905,yet,Popular issue south debate answer customer board ten similar.,2022-03-02 06:28:00
140,1245,speak,Simple page office policy authority late court bar camera.,2023-09-02 11:28:37
141,1084,vote,Family quality unit study same near woman.,2021-11-03 17:31:35
142,78,thus,Collection power since hundred away language hard voice trial contain.,2024-06-18 21:57:49
143,4898,study,Believe small difficult rock cause number share new go race.,2022-05-23 23:35:18
144,4805,ready,Agent public each prepare decision national.,2022-09-12 10:53:40
145,4960,talk,Strong he charge walk leader nearly then consider manager.,2023-07-23 06:30:22
146,2407,piece,Sea direction bit right idea represent home international bar.,2020-11-14 14:52:48
147,4226,create,Movement talk professional will great character hand key move some.,2022-07-16 18:04:00
148,1898,according,Great management quickly just serious wind.,2023-12-30 01:37:14
149,657,skin,Agency her boy show consider with seek human then leg.,2020-09-25 02:54:56
150,3291,but,Feeling since determine stock we past raise kind.,2023-02-13 15:43:54
151,3009,kind,Life message without approach town campaign.,2021-12-01 14:50:12
152,2552,writer,Their rest newspaper difference story particular join example entire.,2024-05-05 22:03:25
153,453,somebody,Life need available even political add must station affect eye.,2023-11-19 23:53:04
154,2082,information,Yourself local ability know outside final traditional if whole ten.,2024-04-18 06:33:04
155,3036,yes,Decision allow often nation relationship the laugh go.,2020-02-08 23:15:41
156,3791,decision,Yard cold mention cut project actually within.,2020-06-08 00:41:19
157,2557,realize,Image man bill military church agreement born town.,2023-01-27 21:51:30
158,455,kitchen,Thing whose test stock positive religious.,2020-02-12 13:47:15
159,432,number,Morning me yes yourself teach.,2020-09-05 15:03:34
160,4821,actually,Too smile send house oil.,2020-03-21 16:09:09
161,3809,leg,Rich he never generation safe military hand environment word.,2021-09-07 21:31:25
162,4590,why,Court fly son yes most eat decision through something.,2021-12-01 10:08:57
163,3840,pattern,Street financial five through campaign wind.,2020-11-11 21:21:15
164,3636,market,Get suffer star cut today blood ball dinner.,2024-04-30 11:57:20
165,1374,affect,Law in hear direction cultural mention fact try nature space.,2024-04-12 13:32:07
166,3206,central,Through church performance style particular ground amount experience fall.,2021-07-28 12:12:36
167,3582,million,Control affect lay who material article old scene compare meeting current.,2023-01-19 15:11:00
168,450,prevent,Protect buy situation team help.,2022-10-08 07:32:29
169,1913,stage,Speak at gun senior movie accept hundred kitchen.,2023-10-20 04:39:43
170,2621,of,Whose fall anything course onto because nation really huge.,2020-01-05 00:31:24
171,2895,would,Financial effect relate us area thing defense move information just.,2021-08-03 12:17:07
172,490,group,Small nothing join girl traditional laugh ability.,2024-08-05 10:31:54
173,4462,sell,Result stand thought world myself.,2022-09-01 17:04:09
174,2837,instead,Now after term woman name through turn notice consider camera.,2024-02-03 08:20:25
175,2996,first,Care even establish month politics sound rise down.,2022-10-09 22:49:54
176,2969,more,So could century program PM.,2024-10-21 11:50:43
177,539,west,Around degree author wind responsibility always dinner board along stop.,2021-06-15 17:59:54
178,2510,second,First rise positive child know.,2023-11-22 14:27:52
179,578,modern,Wear force three consider year side concern three different difference.,2020-10-19 02:27:11
180,3468,worry,Leave evidence evidence site situation charge two something.,2022-11-11 23:29:16
181,3901,table,Involve who yourself foreign note father turn.,2024-10-23 11:32:54
182,1787,friend,Fund radio experience type serve.,2024-08-01 17:49:05
183,396,watch,Memory read wall world along budget me down adult some price.,2023-02-18 12:14:35
184,3435,sit,Fine entire society better might phone the air relationship.,2024-07-08 05:53:07
185,3067,him,Help door husband image politics short since south message.,2023-11-29 04:40:09
186,4055,risk,Power analysis international item discover remember pay head suddenly study question.,2020-01-25 00:13:39
187,102,side,Deep manager past unit billion.,2024-10-19 06:44:23
188,4610,nature,Entire someone fire wrong brother.,2024-02-22 16:23:20
189,2630,bag,Little food little result because hand evening he.,2021-04-10 07:08:58
190,4494,bed,Born throw office air many individual thought town according trouble art.,2022-05-30 18:14:44
191,225,skin,Recent actually scientist despite defense other main concern PM.,2021-05-15 09:03:52
192,3051,meeting,Job this return window party watch add respond eat.,2021-02-14 05:54:46
193,1486,husband,Into through game single lot space hold two.,2022-04-06 17:09:52
194,4899,feel,One method throw will.,2023-06-14 13:48:30
195,4075,ready,At citizen single enough anyone forward blood network decision.,2024-08-04 22:16:39
196,4905,word,Worker up every how job final.,2022-01-14 05:59:31
197,4723,impact,Than we three miss think think experience opportunity condition spring.,2024-02-12 17:27:07
198,2887,see,Able role leave third product nor the white amount end.,2024-08-02 09:17:13
199,705,rule,Together job within strategy top meeting town.,2024-11-29 14:51:19
200,3722,phone,Serve music third evidence town wife station large find ago action.,2024-11-23 13:16:54
201,3267,maintain,Camera coach central state argue deep.,2021-01-26 20:30:20
202,4847,night,Sense week heavy dark control visit hold perform.,2024-07-16 17:45:05
203,4715,end,Year want color technology mean.,2020-07-06 22:17:16
204,3796,work,Play fear pick anything anything.,2020-05-07 00:26:39
205,4672,hard,Impact on cost benefit power teach base either service.,2020-03-14 01:40:10
206,3559,wonder,General much sense knowledge fire official.,2020-12-09 09:34:22
207,2221,western,Until author while hard trouble.,2021-07-19 15:40:51
208,3335,much,Can six answer fact central skill begin understand technology industry.,2022-12-31 03:40:45
209,177,think,Region sit process ever history lot then upon list just.,2023-04-09 19:29:02
210,3001,information,Film gas medical son reflect tonight now Congress.,2023-09-30 16:14:03
211,36,law,Career behavior public beyond approach when.,2020-09-28 21:35:25
212,2697,clear,Rather own real watch rest.,2024-09-03 03:20:07
213,4385,respond,Fine financial white such treatment age.,2020-09-28 21:43:34
214,3574,if,Truth such show cold break.,2022-08-09 17:31:30
215,1602,stand,Response their start fish main stop easy bring including wear sort.,2024-02-10 20:35:25
216,3433,character,Student fire else write ahead window style human upon.,2024-11-10 00:18:28
217,1660,chair,Black great according break lot image responsibility.,2023-08-09 09:22:23
218,3130,thank,After as personal indeed plan resource fund six will evening.,2023-06-05 00:14:49
219,3243,include,Day moment wonder similar perhaps.,2021-09-19 13:26:46
220,815,society,Face such tend staff black Democrat others however.,2020-10-29 06:30:53
221,346,bag,Plant school long side realize house black involve this early.,2023-04-07 20:25:11
222,3448,enough,Area image soldier join guy.,2024-09-09 05:27:00
223,910,type,Building decade staff however court too sea.,2023-04-25 20:59:27
224,3845,yard,Person himself leg or hope whom herself color.,2021-09-19 04:55:49
225,4134,lead,Article old why involve close watch.,2020-02-01 16:47:56
226,1239,bill,Family small order me evening never discover see environmental.,2024-12-26 21:39:17
227,118,camera,Traditional health community contain which performance challenge weight major between.,2021-05-13 15:54:12
228,3084,second,Tree respond care then music some hear society guess.,2023-10-05 09:50:27
229,233,dark,Night board bank outside color hospital.,2024-09-20 18:39:54
230,4098,important,Far music sport boy foreign western.,2024-11-04 16:32:07
231,4755,left,His case hope bill city deal at offer political.,2022-07-17 01:09:21
232,3584,box,Production day employee somebody face sense pull.,2021-05-21 11:10:41
233,676,want,School person seek set hour.,2024-11-15 01:59:38
234,4508,beat,Expert city former civil camera agency political.,2024-04-16 11:19:26
235,4013,skill,Through treat southern system interview.,2021-03-22 03:26:24
236,824,campaign,Well successful green safe recent radio over former development official.,2021-03-08 00:43:58
237,3361,spend,When it vote opportunity area down.,2022-03-08 10:21:23
238,4664,suggest,Forward process organization happen bring economy unit market.,2022-07-06 18:16:47
239,3351,message,Artist executive business suggest idea.,2020-10-17 11:58:17
240,3972,we,Back other stay democratic product.,2023-06-01 01:02:10
241,879,candidate,Individual strong agree drug send current.,2020-07-31 00:41:30
242,262,always,Street company Mrs so participant difficult.,2020-10-19 17:49:58
243,1906,fund,Hold measure cause style final fact language significant another war computer.,2022-06-30 00:29:28
244,355,body,Away officer defense consider know central director ago guy sure.,2023-12-12 01:57:57
245,28,eye,Order quality line recent tough then movie.,2020-10-26 09:16:22
246,3111,feel,Service can number boy ready reduce someone take join.,2020-06-21 02:38:22
247,247,manager,Television middle support public go whether series.,2024-06-27 12:15:09
248,2096,number,Blue election get sign fire gun wait at amount.,2023-12-18 23:01:36
249,2501,all,Southern personal state increase baby decision choice.,2023-08-06 21:20:56
250,798,west,Situation seem including individual mean.,2022-10-15 15:37:55
251,4242,foreign,End beyond few poor open wrong draw offer speak.,2024-07-27 10:23:01
252,4424,yet,Give he them responsibility daughter.,2024-08-09 12:40:43
253,4946,toward,Those modern manager join exist.,2021-06-16 04:58:16
254,3063,return,Himself customer last fish attorney old president.,2023-07-15 09:06:50
255,1609,nearly,Quality somebody almost score per.,2022-12-11 07:02:24
256,3308,seek,Reason strategy cultural sound may executive.,2022-10-07 17:02:46
257,3809,act,Still network act today provide skill.,2023-05-24 14:24:48
258,1723,foot,Learn century order political executive affect special.,2022-11-23 10:32:16
259,66,successful,Onto involve treat health talk information catch four choose.,2020-11-07 03:42:58
260,4533,improve,Only feel action between couple care star really between.,2023-01-18 11:58:47
261,300,picture,Growth task person machine research none among suddenly.,2021-01-18 22:18:47
262,520,none,Mean become if trade friend specific dinner sure.,2022-08-11 14:26:06
263,826,party,Property significant specific notice amount Democrat audience media.,2021-04-07 04:39:33
264,2605,sometimes,Land only may whatever interesting challenge if find gun respond.,2021-04-04 10:35:53
265,3520,spend,Against big agreement off region.,2020-05-15 04:42:11
266,82,could,Easy still deep operation hair direction last.,2020-01-10 07:59:00
267,1231,low,Woman perform near statement reflect whose thus herself capital product.,2021-07-03 07:26:31
268,4025,level,As increase process social could.,2021-03-10 03:40:54
269,956,dog,Note dog wear blood Congress.,2022-08-18 19:15:57
270,3432,half,However may two win sport never.,2022-11-03 08:22:00
271,1976,grow,Save everybody moment herself must total these.,2022-05-22 12:20:27
272,3410,they,Meet court not sister benefit able open reality.,2023-10-13 23:05:46
273,1590,game,Professional involve also follow image allow human.,2024-10-18 20:22:14
274,3704,claim,Safe spring sea best agent by hot official book impact.,2020-05-31 06:23:30
275,4690,west,Moment six bed huge family interesting mother.,2024-01-16 20:07:25
276,459,while,Less be discussion word particularly above drug.,2023-05-17 20:16:21
277,2588,reduce,Against get carry commercial future run everything world.,2024-05-21 17:30:47
278,2084,song,Music five person expect very summer.,2021-07-04 12:07:18
279,2144,bed,Step side produce anything yet share.,2024-02-20 07:44:40
280,2372,body,Republican future policy meet firm work.,2022-01-28 17:23:04
281,3012,trouble,Practice off continue difficult cultural brother.,2021-04-06 02:35:20
282,2860,possible,Range discussion candidate sister skill create.,2022-08-29 07:16:06
283,897,fill,Walk positive single traditional throw down little.,2020-03-09 05:40:15
284,4902,above,Prepare age different trade PM state agreement.,2021-09-25 09:32:50
285,4,it,Scientist scientist east myself go security difference oil alone.,2023-06-11 22:07:16
286,3222,upon,Try themselves however computer animal majority card.,2020-06-29 05:19:57
287,576,hot,Dog choice indeed former tend continue morning sit wide understand.,2023-07-19 02:31:10
288,3575,American,Positive expect fill film central act then chance yourself begin.,2023-09-27 08:27:13
289,2323,draw,Little road report study individual firm do might.,2023-06-01 10:01:51
290,2190,heart,Would little but network.,2023-05-26 23:17:03
291,1678,seat,Author beyond top product early choice.,2023-10-29 03:15:45
292,4104,animal,Become pattern modern skill rather we page kid find individual.,2024-07-09 17:20:00
293,2772,area,Long TV town Congress audience.,2024-09-12 10:53:58
294,4679,cost,Office role return laugh summer whole clear.,2021-07-23 14:24:04
295,1114,charge,Both middle water important party recently sister international deep father.,2022-06-06 01:48:25
296,1673,produce,Perform thank knowledge it increase worry million eight friend alone.,2020-12-20 00:32:10
297,3211,few,Whom hair major store then yard answer system hundred make.,2021-04-20 08:36:09
298,2842,letter,Around statement book eight age society.,2024-03-04 09:18:50
299,4401,management,None design perform somebody simply film material west.,2023-02-21 13:09:50
300,4029,this,Event role tell affect unit recent green leave experience forward quality.,2024-10-06 06:10:11
301,4850,traditional,Television audience room tell past garden many.,2022-07-22 19:09:48
302,4168,fall,Positive lot past forget research by with account fall.,2023-08-12 15:12:09
303,2717,reduce,Thousand appear that truth anything mouth generation hit than.,2024-08-28 02:34:43
304,26,human,Official skin chair here issue network.,2024-12-10 02:47:09
305,455,include,Green site suggest one.,2021-07-05 05:08:15
306,1329,far,Mission offer law current else me finally.,2022-01-13 16:57:01
307,3128,behind,President generation recent people through agree girl reality impact industry.,2021-12-22 13:59:16
308,3915,once,Side play admit because include which experience one actually kid.,2024-02-16 17:54:19
309,1472,avoid,It camera TV performance arrive.,2023-11-19 12:11:50
310,1702,their,For pull break whose risk economy measure bad.,2020-09-14 21:27:05
311,950,approach,Line own any society kitchen main represent pressure evening.,2022-12-21 11:51:59
312,939,these,Health edge nor affect nature federal protect.,2023-05-12 01:53:29
313,644,better,Necessary better speech safe social would everyone increase time bank.,2021-04-03 09:52:05
314,3745,yeah,Place now sort field enough power meeting guess future.,2021-02-15 06:18:48
315,2525,decade,Attorney whatever operation medical building director process.,2024-08-17 05:25:39
316,613,world,Long former that feeling place too recent.,2022-01-22 23:01:10
317,3277,though,Describe tell candidate available recognize rather issue forward.,2020-06-20 00:54:40
318,1531,appear,Organization Democrat break west should federal poor.,2023-01-29 23:01:20
319,1009,heart,Become may through develop camera also media could friend Mrs.,2024-10-16 17:46:22
320,2206,various,Than summer picture never chair along experience.,2020-10-27 12:24:35
321,4922,challenge,Expect production white account executive ability.,2021-05-24 08:04:51
322,4583,recently,Meeting however high generation skin front toward food.,2023-04-20 22:28:37
323,4052,create,Leader then mention pressure rate rest bit fast.,2020-06-05 01:35:23
324,4033,growth,Information large away sea power into offer professor or may.,2021-05-10 15:38:22
325,3001,language,Continue value role attorney remain degree option cold.,2021-02-28 13:29:55
326,9,likely,Camera side employee home example watch east several wear.,2024-05-10 09:00:08
327,1183,spend,Senior though drug push drug sea let whole face must.,2020-12-16 22:16:54
328,546,daughter,Parent gas that against exist industry difficult.,2023-01-29 00:15:50
329,1302,letter,Country by war president individual.,2024-04-27 19:53:28
330,1432,Democrat,Offer never exactly act fill play.,2022-06-24 09:10:49
331,3725,fill,Believe avoid them carry forget right yes offer.,2024-08-14 14:22:33
332,3475,while,They ago party fall why.,2024-08-18 18:48:39
333,370,drop,Section people machine role player worker share those third understand.,2021-03-23 17:52:11
334,436,dinner,Believe prevent better break official south low study soon result.,2022-04-30 10:19:55
335,2820,its,Manager to detail remain research thus we late baby.,2022-06-14 11:03:14
336,3371,sing,Effort treatment draw with budget quite despite seat force technology.,2022-12-01 11:27:30
337,608,wish,Capital foot maybe four kid team morning by how behind.,2024-02-20 20:51:25
338,168,blood,Value blue really later later.,2023-03-29 16:09:00
339,2662,see,Purpose attorney more name big generation new.,2021-09-20 17:42:36
340,4179,operation,Bring away number over assume however pick five money.,2021-01-20 07:05:54
341,4424,prepare,Current voice force walk together ability author person account we day.,2021-08-04 07:57:35
342,4478,reduce,Yet ready ground player amount authority yeah chair occur wrong low.,2020-11-15 02:43:11
343,4183,green,Expert nation join leg fast central floor whose beautiful.,2020-12-08 18:37:56
344,4731,skin,Vote maintain example feel why including anyone.,2020-04-04 04:52:47
345,4129,evidence,Have line store information green write result.,2021-02-14 19:43:41
346,2112,me,Agree expect bag difference hot this.,2022-09-14 18:42:47
347,863,never,Else national song information relationship front close mention popular field left.,2021-07-21 09:22:43
348,37,whose,Recent key cell edge history thank future suffer.,2024-08-09 23:18:33
349,2292,fact,West argue education night reality.,2020-10-11 07:14:18
350,2261,production,Ahead left low week bring high.,2023-08-26 13:21:00
351,1020,start,Sister myself room spring movement describe tree.,2022-03-06 04:18:24
352,2530,accept,Report subject newspaper doctor direction onto from entire.,2024-02-21 13:16:16
353,2463,place,Star themselves else wind young soldier low phone nothing return.,2023-07-30 00:45:09
354,3911,fear,Family smile particularly environment player far eight and condition.,2023-04-04 15:37:04
355,2756,game,Senior sometimes evening he run.,2024-02-11 16:44:46
356,3821,whatever,Project there pattern reduce trial edge.,2022-10-03 02:54:40
357,4876,attorney,Focus occur range identify white budget already.,2022-12-02 01:08:40
358,2876,us,Head against suddenly new method.,2020-07-15 18:18:43
359,1463,owner,Thus president product life into bed live collection.,2021-09-08 05:15:05
360,1478,determine,National last he white within condition job study entire floor air.,2022-11-23 17:39:45
361,3039,senior,Century city from manage example interesting miss entire.,2021-11-26 04:50:00
362,574,reduce,Degree both body spring hear or.,2021-09-09 12:14:46
363,2706,writer,Seven past expert air point trouble write listen movement.,2022-08-23 13:03:22
364,4511,what,Above tough easy against tell method yet factor population stuff.,2022-05-16 14:05:54
365,4522,democratic,Government yet south what house find forward service condition add.,2022-09-05 09:17:50
366,4314,heavy,Under paper chair institution although huge morning.,2024-04-28 09:14:12
367,3682,early,State make politics mention want nice would third.,2023-01-08 18:13:27
368,2230,example,Lawyer remember mind produce compare much law upon.,2024-07-04 15:07:52
369,4263,who,Crime include where same baby eight reveal lot.,2020-05-01 13:29:55
370,3756,with,Child staff career responsibility long national son method.,2022-05-19 20:56:57
371,2179,list,Itself require later interesting I action.,2022-01-07 12:17:42
372,4959,accept,Agent identify for world break under catch.,2023-09-03 23:25:38
373,4295,run,Professor effect democratic individual medical research fight.,2020-11-26 02:35:14
374,3186,sit,Place these meet chair candidate score color else challenge same.,2024-11-10 23:47:49
375,4725,indicate,Minute write whatever also friend father never large claim quality.,2023-09-30 20:59:43
376,588,work,Home direction market military them project chair music.,2022-03-24 18:36:10
377,1785,mouth,Movie section sea sometimes feeling.,2023-12-24 02:43:19
378,3155,guess,Mrs Mrs left small tree himself perhaps personal.,2023-09-05 19:43:49
379,4959,interest,Subject agent level store example computer.,2024-06-24 14:30:12
380,2220,list,Mission shake finish three country.,2020-04-30 14:25:43
381,1017,computer,Difficult investment class particular dinner rock rather ready that analysis.,2021-03-24 19:12:13
382,1396,door,Trade scientist professional turn whose before.,2022-04-16 23:04:02
383,2100,real,Involve marriage ability price before large on.,2021-03-26 04:07:57
384,939,box,Follow avoid movement against war enjoy information turn spring.,2023-09-13 12:14:56
385,3069,team,Drug let without ten race.,2022-08-16 04:24:04
386,1214,remember,Son management student popular either actually.,2024-10-25 10:52:33
387,2908,very,Less ask article war security technology practice impact level.,2021-10-16 19:11:56
388,1110,not,Effort camera buy yet though ok say value be.,2023-07-29 05:30:17
389,705,sort,Country fund likely several out box join.,2023-01-31 21:33:02
390,4806,key,Past than doctor technology simple arm how produce strategy nature.,2023-07-17 19:22:48
391,2770,learn,I away safe each stop record least develop.,2023-11-23 09:33:00
392,2852,bar,Decide state ability each natural her late artist imagine.,2020-08-01 04:54:36
393,3695,one,Not bit responsibility member single tell board really control want.,2020-02-03 05:24:43
394,2008,pressure,Bed skill arrive body available serious general only.,2024-07-28 14:27:26
395,2107,government,Safe movie control agree population quite painting painting surface.,2020-10-17 13:14:12
396,2229,should,Perhaps field push meeting middle executive great book indicate.,2023-11-30 10:43:21
397,1548,for,Describe relationship when watch also hard son.,2021-09-10 11:30:48
398,2958,heavy,Everybody police myself economy alone inside little main.,2021-03-15 10:02:48
399,1516,leg,Note watch food poor begin war.,2022-12-07 18:46:09
400,3303,everyone,Thus some bring tree degree make.,2022-04-14 11:17:42
401,473,pressure,Media name hand easy of rather tax ahead.,2020-04-21 10:28:59
402,3026,four,Husband huge bed when crime simple.,2022-09-10 07:15:35
403,843,professional,Whose agreement front today prove good way television system attack.,2021-08-09 07:54:33
404,394,north,Child financial there president ask quickly daughter.,2020-09-13 06:26:10
405,3642,treatment,Figure forget raise seem hundred situation.,2021-04-20 16:13:23
406,2213,investment,Walk miss cold free although allow protect type defense.,2020-03-02 17:01:06
407,3925,design,Road statement seek old media agency upon class.,2020-01-31 20:22:37
408,3778,open,Seven television station whole player same everyone alone.,2024-09-05 05:51:43
409,4448,five,Peace black lot report entire important consider.,2020-05-22 21:17:38
410,91,writer,Fall blue long stock well off tell impact stop.,2022-09-18 05:42:03
411,4754,than,Student smile executive but low.,2021-09-15 17:19:29
412,3839,receive,Pattern city wear reduce move particularly fire improve avoid.,2020-09-19 21:07:36
413,2561,billion,Action security may out authority president open audience movement nearly.,2023-08-01 00:05:15
414,2537,crime,Forget heavy green his several good.,2020-01-31 19:22:58
415,159,lot,Left buy relationship real collection factor next dark.,2021-09-21 07:32:49
416,451,onto,Ok car laugh fine true simple question.,2024-03-25 23:22:51
417,1695,mention,Organization happy article find piece section.,2021-12-14 17:52:49
418,1659,wife,Total knowledge Republican ask but space picture election sport.,2020-10-20 00:43:26
419,1583,trouble,I trade two body enjoy.,2022-10-23 01:20:18
420,184,technology,Son end push sound her agency agree sister consumer.,2022-11-18 11:21:41
421,2482,finally,Across thus community rule.,2021-07-30 10:13:29
422,3685,raise,Plan know next drop information leader bag west rather he.,2023-01-01 02:05:56
423,4782,certain,Hour need bad how operation everybody black over catch activity.,2023-06-11 06:04:00
424,4572,of,Response enjoy huge six point can.,2020-03-26 13:10:13
425,4490,clear,Common range break talk person standard laugh.,2020-08-13 13:08:45
426,736,recent,Anyone example cause ever lawyer daughter.,2022-02-02 03:43:23
427,2231,that,Population past various should economy city likely.,2024-08-01 04:40:42
428,1599,fill,Size wide occur style factor.,2021-07-24 02:15:15
429,4954,tree,Fast hour somebody floor letter those happen.,2022-04-28 19:56:40
430,1740,step,Response couple officer sell visit which important film.,2020-04-16 17:11:10
431,3011,I,Miss appear event guess series buy major decision bank.,2023-03-22 07:29:00
432,2345,benefit,Tax sign minute record.,2022-06-02 15:47:30
433,4670,marriage,Recognize what only avoid discuss allow.,2021-11-18 19:11:08
434,361,family,Agree various hit material less size it.,2024-12-01 08:46:41
435,2403,own,Sister discover outside value news indeed executive wait play.,2021-10-19 00:22:09
436,969,east,Scientist boy house foot she back generation national benefit change apply.,2022-11-22 00:27:50
437,3348,room,Describe glass national run various stock reduce just around.,2021-06-09 21:09:58
438,3856,bar,All start single natural yourself compare main safe.,2024-04-09 04:39:30
439,2920,before,Discover sister even test ago girl baby society.,2020-01-22 21:22:55
440,2672,admit,Really happy game plan discover president nature.,2020-02-08 05:58:51
441,530,director,Day stay conference stuff owner.,2024-06-22 05:20:47
442,3590,throw,Who language adult effort recent likely hold agree.,2021-09-02 00:59:26
443,3014,perform,One back strong dinner speech say upon stuff travel.,2020-12-02 20:42:42
444,1597,stand,Into actually religious line if open audience.,2022-02-05 07:25:32
445,1162,page,Computer front travel fine international.,2023-10-14 02:37:38
446,2776,information,Group finish town opportunity save.,2020-08-05 07:26:36
447,1381,be,Trial evidence task leave here herself.,2020-05-25 23:32:07
448,564,at,Hospital score able less interest.,2023-12-30 21:04:58
449,1091,catch,Body together cold great listen capital fight enjoy wall.,2023-04-17 05:57:51
450,3852,cost,Glass break write environment information feel particular purpose necessary reflect seem.,2021-06-09 15:08:52
451,309,or,She break she modern power not.,2022-03-24 00:32:13
452,4133,knowledge,Business return ask responsibility beautiful yeah grow end strategy general.,2023-09-18 15:02:37
453,4743,defense,Stuff note order since ask happy order manager allow.,2022-01-11 15:55:32
454,1849,forget,Buy answer American again deep Democrat team special.,2024-02-01 18:36:57
455,3953,authority,Four change party now drive three hard.,2024-02-18 18:07:33
456,493,nation,Class very both across act white line.,2023-04-05 05:36:29
457,3789,character,Kitchen building probably coach need.,2023-03-14 17:09:45
458,2485,ahead,Use near trial every when trip far establish budget free business.,2023-10-09 02:30:31
459,1739,official,Explain fear some TV executive.,2020-02-03 08:37:12
460,1779,commercial,School quickly box back allow argue despite impact career executive yes.,2021-11-29 19:17:14
461,856,hospital,Party generation different case deal physical see.,2022-11-24 14:20:01
462,4465,wife,Mother worry its list fire any sense reflect.,2023-12-18 13:08:53
463,3344,book,Throughout speech she for phone other different but wrong without.,2021-01-12 15:41:39
464,3108,hospital,Example see mention expert commercial.,2021-03-25 16:46:03
465,4456,grow,Them professor produce one ahead number policy instead argue book.,2020-05-08 15:11:06
466,1363,general,National million fly performance traditional work white.,2023-09-26 15:55:43
467,4339,section,Different president mission certainly already woman now model vote.,2024-01-25 11:09:27
468,1312,here,Office send wrong would among choose gun.,2023-02-09 14:14:54
469,2852,give,Item when sometimes window single leg training.,2020-04-22 19:39:34
470,3357,machine,Say out church night.,2024-05-05 11:46:36
471,2683,way,Rate should return thing young fire operation.,2022-08-02 14:39:38
472,136,or,Recognize water general summer whole official.,2024-01-09 03:26:01
473,2596,blue,Little service pass will.,2022-01-23 03:01:58
474,902,explain,Call also rich above financial they military month day nor.,2022-12-24 07:08:37
475,631,form,Shoulder beyond per increase charge firm total perhaps outside society born.,2021-06-06 18:53:53
476,4475,west,Factor among sound about inside stage today sell.,2022-03-30 19:07:55
477,832,speech,Development get road attack herself remain rather.,2022-03-03 11:15:06
478,4327,process,Nation finally quite dark so contain.,2023-07-15 19:46:17
479,1702,pay,Decide imagine administration simply from painting board.,2022-07-26 10:12:33
480,401,interesting,No picture position chance mouth season would very.,2020-04-01 16:11:11
481,3409,parent,Present pass speak indicate short.,2021-05-18 12:08:42
482,4415,well,Tonight charge may within so card.,2020-04-28 19:35:58
483,4162,decision,Certainly behind movie ever energy they little carry forget.,2022-04-03 16:32:02
484,4626,wide,Evening about film hold air.,2024-05-18 11:39:05
485,3921,free,Four still success various per skin catch purpose.,2024-04-14 19:41:04
486,1534,fast,Work from help foot traditional hair shoulder put long risk.,2021-06-17 13:35:42
487,4203,increase,Clearly past seat power majority clear military speak.,2023-03-25 21:26:35
488,854,ahead,Stock picture brother music medical those hold onto project.,2021-04-10 13:39:28
489,3039,price,Opportunity face political finish team make tend stop task year.,2023-06-21 16:02:10
490,1724,at,Research piece court federal but help relationship forget culture may.,2020-04-05 17:39:38
491,1888,husband,Book seven age per school agent support whom enough exactly.,2022-07-01 12:48:30
492,3367,experience,Executive color great bit always born standard available might politics.,2022-08-11 08:00:27
493,4990,wear,Music our very smile yeah.,2021-12-10 13:30:41
494,466,building,Million piece interest couple carry answer special financial property.,2022-02-25 06:03:12
495,2097,serve,Institution detail until plan fact then.,2020-10-31 13:31:16
496,3271,at,Table police mother similar rock those window difficult own.,2021-02-19 05:58:42
497,550,president,According agency station report close main.,2022-04-12 17:54:49
498,980,bar,Other yeah apply election first sister tough ground rather real.,2021-03-27 06:11:07
499,140,third,Husband dinner game give boy stand bill.,2021-12-03 07:03:54
500,107,write,Adult conference believe enough ask group create with hope special professional.,2020-06-04 22:45:22
501,2401,soon,Factor subject walk enter guy pull room hear west beyond.,2024-01-07 17:59:29
502,3804,item,Detail for everybody probably partner cut everybody.,2020-11-08 13:48:44
503,3205,finish,Before court major edge fall religious attorney tough.,2020-08-10 15:53:29
504,2201,friend,Education will young sing maintain.,2020-02-22 11:13:53
505,1509,worker,Us pass fish fly mouth.,2023-03-27 17:07:29
506,1473,agreement,Usually that home vote science.,2024-06-30 06:48:28
507,4031,world,News morning remain recognize treatment available professor tough industry.,2021-01-02 12:12:51
508,1402,game,Area doctor sea impact describe indicate during past green perform kitchen.,2024-06-02 11:25:08
509,3277,himself,Ok we choose despite control hospital decide anything.,2020-04-27 20:42:58
510,1740,lay,Miss indicate land information west speak mean center.,2023-12-23 01:05:56
511,3531,somebody,Range recent receive avoid today audience floor great.,2021-04-11 13:58:35
512,4725,charge,Ground various attack conference child including.,2022-06-18 17:40:14
513,4462,my,Decision strategy race real fine wonder should.,2024-07-09 02:06:44
514,1019,nor,Religious commercial almost air help will capital product act reason.,2023-07-13 23:16:20
515,4428,stop,School quickly stand hundred bag whose man prepare.,2023-04-16 10:06:23
516,183,manage,Support green song arrive floor.,2024-11-25 04:56:24
517,3120,sister,American almost some outside southern no occur claim.,2022-02-09 09:40:58
518,109,system,Image spring decide billion dark better could as.,2022-07-16 11:43:03
519,2076,travel,Event spend edge skin including product.,2020-02-24 04:31:42
520,4892,attorney,Edge system Mr produce season white one turn determine.,2021-01-04 16:03:36
521,4399,remember,Character where family quickly her hot paper plan senior sometimes.,2022-09-27 11:33:29
522,1340,medical,Role writer government beyond build think.,2020-01-09 16:04:25
523,1964,allow,High country at senior team control would single front force.,2024-01-11 12:57:26
524,3210,say,Do us smile stop responsibility least.,2024-07-07 02:56:20
525,2039,hotel,Among music if statement sport race news up.,2023-05-18 10:39:06
526,1858,response,Thought soldier much lay get air language middle ever expect hundred.,2023-01-06 02:52:27
527,3855,ability,Eight out institution actually air she score watch end this.,2022-04-17 22:25:35
528,4915,her,Fund nothing population admit no anyone.,2023-04-08 04:16:10
529,1712,natural,Glass yourself stand source fight federal.,2023-09-22 01:09:01
530,1652,professional,Let as prevent nor quickly accept stuff purpose upon.,2020-03-10 22:15:20
531,3376,deal,Take six coach southern traditional country prevent success measure.,2020-11-08 18:44:41
532,452,whatever,Have yet early stock position away none prove role agency.,2020-01-24 05:18:45
533,4757,reveal,Affect very air environment life their early travel foot.,2020-07-07 07:55:18
534,3656,design,Single car worry present able coach real herself buy surface.,2020-07-19 17:57:23
535,601,food,Life finally cause think public.,2020-01-03 08:38:38
536,592,catch,Whose house news like skin fall technology seat get dinner.,2023-05-08 09:23:04
537,3880,more,Bit race conference its night plant item citizen administration man.,2023-11-23 20:33:08
538,1447,people,According know strong south program.,2021-03-07 01:15:32
539,1074,set,Draw success nature line think.,2023-01-13 17:55:49
540,454,recent,Avoid south visit range today my may even future price.,2024-08-16 09:14:03
541,4895,and,Phone authority share case unit never.,2024-02-05 23:49:02
542,2572,help,Growth behind senior brother me civil brother hit daughter.,2024-04-05 13:10:35
543,3758,hundred,Others recent environment fight discuss someone energy not moment any everything.,2021-10-24 22:00:45
544,2231,relationship,Attack hot during break size cup beyond machine next.,2024-06-08 19:02:38
545,1570,result,Like defense road yet face suggest.,2021-02-14 06:36:44
546,1403,center,Worker best it organization just spring society purpose life.,2024-06-13 17:01:54
547,2920,good,Collection remain tough determine left staff fly huge appear.,2021-06-26 20:30:26
548,2320,what,Information source sense pay television guess begin research.,2021-10-07 10:34:29
549,2895,trial,Side population people record change field role create.,2021-10-20 19:52:59
550,3227,property,Claim near poor foreign small money seem others together control.,2020-09-24 09:56:49
551,928,free,Executive opportunity on church another heavy always.,2020-01-28 14:56:56
552,2662,indeed,Some however whether study course term program matter individual west.,2024-09-10 18:35:07
553,541,point,Coach huge home pressure parent business throughout north.,2024-10-20 20:43:13
554,829,up,Measure remember rest sister range officer natural.,2023-09-04 12:48:46
555,3879,trial,Occur fire each state participant.,2023-04-09 17:48:10
556,717,still,Where evidence economy admit ground shake mention interesting.,2022-01-13 13:20:26
557,3825,professional,Involve answer true if middle here last start.,2024-03-20 08:48:43
558,3442,allow,Republican major particularly war choose family.,2023-08-03 11:12:19
559,2809,rest,Wife agreement fine garden want machine project indeed for.,2023-01-16 07:05:07
560,1018,boy,Defense assume money rate.,2022-11-18 10:18:54
561,828,able,Evening answer get experience know would table serious.,2021-06-28 14:10:01
562,1018,easy,Score past place race professional.,2021-01-18 23:33:23
563,66,risk,Collection point person head tough create be.,2024-09-12 16:55:31
564,2996,would,Believe firm service glass this miss sister entire face.,2021-09-28 09:30:33
565,718,production,Leader region shoulder several experience.,2020-01-29 02:18:35
566,603,effort,Night case evidence relate.,2021-08-09 14:06:42
567,3429,those,Off man boy people along.,2024-11-20 01:51:18
568,3886,indeed,Name program door answer best approach serious role.,2021-07-17 20:13:52
569,1891,physical,Dog maintain seat push next suggest capital full generation themselves.,2021-09-29 02:39:19
570,1348,trade,Fire enough several like wife huge picture.,2021-08-05 11:05:20
571,3518,because,Worker reach morning hope writer great knowledge food everyone.,2023-01-29 11:20:40
572,1988,become,Which choice may provide former collection.,2020-06-13 17:38:19
573,1444,culture,Change rather person decision three two soon pattern campaign response.,2024-01-02 19:32:09
574,3669,source,Certainly choice really over alone whom small.,2021-09-28 03:47:49
575,4954,up,Security approach radio certain.,2021-05-19 18:39:28
576,3343,skin,Travel knowledge need relationship local.,2023-06-19 09:20:59
577,3736,stock,Fear probably interview like.,2021-05-15 15:41:53
578,4049,decade,Pay despite down cost allow little as term serve.,2021-07-30 02:49:35
579,2271,party,Newspaper home cold few when than.,2021-10-09 07:43:59
580,2908,rest,Character nature political story game water fine.,2023-11-17 04:50:22
581,2862,society,Contain smile her table cut enjoy.,2022-05-12 18:07:55
582,4100,operation,Deal hospital political remember beautiful body create.,2020-11-17 06:37:33
583,1867,group,Once child finally fast back feeling senior structure.,2021-12-18 16:14:30
584,3156,thousand,Film toward rule about three painting might total believe produce strong.,2024-07-21 05:14:53
585,2848,letter,He discussion look in by picture Congress.,2020-07-17 00:28:36
586,3699,machine,Sort act own bit rich arrive dark federal focus.,2024-04-20 15:42:10
587,1866,describe,Stand art simple also the benefit whatever.,2021-11-11 20:27:30
588,1680,dark,Young material at tell.,2022-08-26 18:15:19
589,4532,while,Do table lead list American show attack person he fact.,2022-07-01 17:12:29
590,1408,garden,Wife do card occur outside.,2021-01-11 15:20:43
591,4466,site,Along main which still case building carry pattern.,2021-09-27 19:03:31
592,4925,even,Seem room cold certainly recently yard include itself traditional its know.,2020-01-29 06:11:21
593,911,hear,Last baby what bank fly.,2022-04-13 10:29:41
594,1612,rock,Establish public interesting up.,2024-07-12 09:30:26
595,2708,star,Still thought agree Republican.,2021-02-21 04:53:59
596,4929,push,Nor plan think address note including from room middle explain center.,2024-02-03 07:44:15
597,1361,make,City despite money economic organization fact relate executive relate arrive.,2021-11-29 19:21:06
598,4945,wait,Similar from firm with cost.,2020-04-26 02:44:19
599,670,night,Main best lay suddenly strategy focus cover direction into major.,2021-06-16 17:11:43
600,4264,mission,Economy throw way common fill past rise.,2024-07-05 22:04:35
601,409,yourself,Party officer condition positive raise yet decide fund.,2020-01-11 14:17:46
602,3496,single,Cost movement child or for degree itself operation speak light.,2023-11-12 17:42:44
603,3258,again,Source watch establish plan shake billion final section part.,2024-08-19 14:29:33
604,660,training,Physical one remain administration respond conference task.,2021-04-07 21:56:12
605,4452,simply,Raise I happen partner trade cell owner mention size.,2022-05-12 13:41:59
606,3735,although,Party artist great case reality blue tend upon.,2022-01-01 20:09:00
607,4608,join,Go half allow generation believe.,2022-10-04 14:23:26
608,473,clearly,Big time appear reality third analysis require debate.,2021-07-27 16:37:11
609,2725,bring,Hair certainly important tend federal himself whether according quickly.,2021-06-23 12:54:36
610,4342,see,Kitchen police member first news.,2020-09-06 21:52:11
611,2044,big,Rise main ago quite condition one affect.,2024-10-06 16:10:53
612,2952,ahead,Dream cost trouble decision what possible.,2024-05-06 04:11:38
613,317,available,Level or call administration most positive poor data lay mouth.,2024-11-06 14:47:21
614,4308,direction,Story simply thousand win with today power.,2020-02-04 08:57:52
615,2364,wait,Series plant test huge tonight would off professional step I wonder.,2024-02-22 02:44:38
616,1278,list,Successful culture front them billion such address.,2023-02-24 09:59:28
617,562,near,Notice life guess to matter hand trial work.,2022-10-09 07:12:31
618,1816,kitchen,Strong small no clearly ten kid tough politics these region.,2023-05-20 12:15:48
619,4628,establish,Majority catch son peace lot recently the.,2020-09-25 21:40:31
620,1750,guy,During open discussion Mr according population board baby or drop.,2024-02-12 01:14:56
621,3065,end,Trouble walk yard hope yes bill bit few capital nor.,2023-09-30 10:36:41
622,3697,father,Edge class science western miss someone.,2020-05-23 22:57:26
623,3574,hope,Morning town poor ten expert media real rule.,2020-11-09 15:05:29
624,4557,my,Campaign service soon source determine street focus these high.,2023-11-10 16:38:07
625,3449,while,Cold keep result per avoid tend pattern fire college together.,2024-11-23 02:10:24
626,632,though,Attack hot cell learn listen prove small part data institution.,2022-03-13 08:37:17
627,4152,turn,Thousand beautiful end woman stop agree determine foot ask girl.,2022-09-25 06:53:01
628,4215,blood,Blue phone space question officer fire.,2024-08-21 05:32:18
629,1018,require,College growth model movement small professor just ask employee off.,2024-03-26 08:18:48
630,673,far,Blue model protect bit method involve throughout seem.,2020-01-30 21:32:02
631,1488,rate,Eight blue heart business leave.,2020-04-22 02:43:19
632,3045,this,Month foreign nothing together effort nature certain behavior.,2024-12-01 20:12:22
633,920,bed,Far wear economy option alone whom.,2023-05-17 04:02:03
634,2618,establish,Left nation democratic imagine our all big someone audience both.,2020-10-18 21:54:44
635,2687,address,Recognize agreement claim area heart senior someone relate evidence after design.,2020-04-19 18:03:13
636,3747,though,Girl Democrat baby establish live similar soldier throw whose.,2021-08-31 06:45:20
637,4010,trial,Effect rise matter two law change.,2020-05-08 23:12:13
638,4457,recent,Skin rise society feel happy.,2021-11-20 07:14:27
639,4537,whose,Beat majority thousand fact behind back expert public per blue.,2022-03-29 14:39:16
640,3438,travel,Couple clear population phone appear travel.,2023-08-13 23:04:54
641,3270,rise,Both notice cost five both kitchen nation.,2024-01-12 00:55:51
642,4872,all,Director important glass practice west stock admit film attention establish assume.,2022-07-17 08:03:16
643,3176,policy,Company else religious but public until.,2023-07-13 16:12:00
644,4029,from,Play available customer read establish and management people blood.,2020-04-04 12:07:03
645,1753,their,Guess business significant listen detail.,2022-04-01 18:19:20
646,3558,turn,Family might sort evidence enjoy all young society window politics.,2024-06-08 14:53:11
647,1960,laugh,Especially your car foot shake give.,2021-05-20 12:50:59
648,3420,thousand,Book him which itself miss woman sister both nearly.,2024-11-11 23:46:54
649,2435,area,Common discuss great occur art mouth go Mr lawyer teach.,2020-03-24 22:24:14
650,1211,this,Point improve several see collection senior view maybe my health.,2022-06-29 00:55:53
651,4590,government,Doctor off check discussion past.,2024-01-23 05:10:34
652,4789,of,Least order thousand what despite reason.,2024-01-04 03:15:48
653,3857,one,Family method very miss administration house upon pull size summer financial.,2021-11-25 02:52:51
654,2395,while,Develop run claim about how place they officer simply door.,2022-04-22 10:06:49
655,3360,operation,Culture few enough specific somebody.,2023-06-07 15:47:42
656,4297,ten,Plan address determine ago country lawyer beyond.,2023-09-05 17:11:06
657,4849,oil,Medical painting rather friend recent.,2020-04-16 19:40:26
658,1585,exactly,Past name color base do Republican today owner work kind.,2022-04-08 15:06:28
659,1047,without,Daughter similar mother decide three yeah can go quite which.,2023-11-06 16:24:49
660,1480,even,Sound always long Mr claim federal.,2020-08-22 00:57:12
661,384,sometimes,Begin customer product able discussion stop provide rate understand.,2024-03-01 11:12:21
662,4376,always,Option Mr beautiful seat society cup spring gas single.,2024-12-23 05:17:49
663,2576,big,Personal as summer buy bill pretty prepare learn start set.,2022-07-18 15:45:19
664,2390,end,Feeling economy response worry guy page floor.,2020-01-06 14:59:38
665,1175,style,Police break should grow energy each office bill development serve.,2021-02-19 10:13:02
666,4791,similar,Consider international expect analysis difference find and.,2022-02-18 23:11:37
667,1688,star,House whether mouth use source.,2024-07-27 23:37:48
668,387,sometimes,Yes great fish beautiful easy.,2021-09-29 18:50:01
669,591,moment,Ever character north movie group.,2024-01-21 10:03:04
670,885,gun,Talk wait line five charge success beat.,2021-01-24 06:06:09
671,1720,still,Operation American make paper work media pretty senior remember give.,2021-11-02 14:58:59
672,1239,admit,Concern itself heavy government employee tonight.,2021-06-19 17:15:01
673,4923,show,Way sing discussion wish partner series teach only.,2024-09-02 11:47:26
674,3298,year,Low yourself analysis walk deal radio alone who beautiful second.,2023-04-08 02:00:52
675,1205,occur,Detail enter wrong word soldier machine action make cost film.,2023-01-11 16:52:09
676,1435,PM,Mention term box why mind upon affect value.,2024-10-31 03:29:37
677,620,animal,Employee yes data education near make.,2023-07-30 22:49:23
678,2829,step,Feeling condition sister recent memory long often news.,2024-02-26 06:05:00
679,2710,contain,Local condition prevent hospital enough.,2023-05-16 01:38:32
680,2766,any,Tree campaign himself school board lot reason effect land rock.,2023-10-08 23:08:40
681,541,author,Seek pull marriage police cover compare.,2020-12-01 19:40:32
682,1633,seven,Shake air home about between.,2022-10-29 10:04:50
683,4481,military,Rule too summer individual far.,2020-10-06 17:23:42
684,1795,one,Able support political her house organization.,2020-11-13 20:22:09
685,1478,successful,Yard music according think level meet defense.,2024-06-20 17:01:06
686,4940,operation,Improve court against quickly case least professional.,2020-10-18 15:00:08
687,1941,indeed,Risk final herself seven data everyone teach behind born.,2024-05-23 08:48:09
688,1124,leader,Former sing process which carry issue spring training blue leave coach.,2024-08-06 07:41:16
689,1439,eye,Card travel data rock leg allow third.,2022-07-18 09:28:54
690,1799,similar,Kind responsibility officer day pay.,2020-04-19 00:12:20
691,4278,writer,Goal after cell instead white.,2020-04-06 16:00:33
692,1066,across,Investment around figure computer trade building despite cold magazine your.,2021-11-15 04:37:47
693,1853,enough,Late control degree boy.,2020-12-15 02:26:03
694,1718,discuss,Main capital east perform save return write.,2022-07-15 19:59:43
695,398,successful,Address left senior increase ten address after wife challenge.,2023-11-12 08:29:28
696,1062,state,He become hard operation memory protect owner onto artist.,2021-01-01 22:12:38
697,4385,prove,Ok soldier tell despite opportunity friend easy heavy assume.,2020-06-23 02:07:27
698,1548,recent,Help himself eight determine suffer south education.,2022-11-07 22:25:58
699,1454,popular,Song account anything director address as.,2023-11-29 05:21:56
700,1229,interest,Cell drop who federal exactly assume way.,2024-05-27 11:32:40
701,4668,wish,Table agreement hope enough adult major walk investment series.,2023-01-06 03:58:21
702,1414,past,Yeah open increase expert difference case thought power worry full.,2024-09-13 18:15:38
703,2215,a,Choose into black how statement move necessary onto market small.,2021-10-12 14:52:19
704,4187,true,Or indicate nor sea say.,2024-08-09 01:02:56
705,2894,day,Enjoy mention seek without decade couple fly it prepare drop.,2020-08-17 21:04:50
706,1684,debate,Treat director building sound hospital executive wonder join.,2020-11-05 23:29:27
707,4198,new,Peace ask quality realize traditional up list national stock.,2021-05-13 10:50:42
708,938,word,Low court about of win shoulder election cover health.,2021-06-19 20:54:56
709,3728,officer,Indeed citizen lawyer mind house movie.,2024-10-14 10:47:27
710,1030,above,Same west wide strong open glass walk hard scientist amount.,2024-11-12 23:55:37
711,1818,such,Whatever affect throughout source agency almost conference through.,2024-11-17 07:58:14
712,755,cold,Huge present enter success out who where democratic if professional.,2024-02-09 06:07:21
713,4214,without,Look up central create management dark.,2022-05-18 19:00:42
714,823,why,Fund various one reason audience him.,2022-12-21 18:55:48
715,3968,TV,Recent argue consumer position age purpose.,2021-09-08 21:10:15
716,4774,hotel,Relate their fill decade price usually against know bar same.,2022-10-09 17:20:17
717,3330,culture,Data sense hundred attention so dog none read power left.,2024-08-12 16:26:51
718,2327,part,Few executive politics good class decade discover guy tough toward production.,2020-06-04 01:54:29
719,211,hand,Example poor deep financial require sometimes fund minute form TV.,2021-04-24 06:30:25
720,879,industry,Each check cause special management stop concern lawyer firm few.,2020-12-30 05:24:17
721,2655,baby,Something their company health movie significant impact discuss and figure.,2022-02-08 17:56:49
722,2811,media,Deal compare start person full game now available space.,2022-11-25 05:54:23
723,1372,education,Hope care already option security mean money outside hot risk.,2023-03-10 18:33:21
724,1091,local,Laugh far knowledge will wait watch size guy family.,2020-12-24 04:05:14
725,945,yeah,Either always general home increase society old such me.,2021-01-21 05:18:08
726,532,could,Pass agree goal member nor.,2022-07-04 18:02:18
727,2186,prevent,Without trip carry quickly if.,2024-01-17 01:59:01
728,3312,rich,Either by these personal player whole mention newspaper.,2023-05-23 08:13:16
729,4930,thus,Section seat event let why state present.,2020-06-20 12:15:24
730,2148,force,Six board different prepare six.,2023-06-03 16:34:39
731,4459,themselves,Place three quite continue view away place turn power week.,2020-01-22 16:48:12
732,3468,watch,Painting seem would rate item sport.,2021-10-22 12:43:13
733,1934,physical,Voice shoulder indeed blood police drug marriage everyone yourself form.,2023-03-16 05:18:49
734,280,American,Recognize play sister couple defense.,2022-01-09 12:49:02
735,4650,change,Score collection remain almost hope miss sport from.,2023-11-21 05:06:30
736,4979,improve,Control arm prevent between age people.,2023-06-08 00:25:05
737,1499,pretty,So know media product soon few natural top.,2023-11-28 08:07:11
738,2560,product,Of month heavy girl least light.,2021-09-24 23:09:34
739,4253,give,Interest always why mission region rather million.,2023-10-10 01:41:00
740,680,Mr,Back himself since consumer challenge stay.,2022-02-06 14:22:09
741,1322,born,Building surface parent minute simply another west require.,2022-04-01 22:37:00
742,1161,explain,Rather just radio why international major take apply.,2023-03-29 02:06:09
743,2319,produce,Business really music artist trade policy federal third finally continue.,2023-06-11 11:14:53
744,87,agree,Measure either business officer executive.,2022-10-17 06:15:40
745,3703,lawyer,Point Mr hospital which use whether site.,2024-08-15 01:36:08
746,2175,what,Newspaper process rest former PM something record east enter.,2024-12-02 13:10:46
747,341,thought,Memory officer sense traditional heavy mother score drop drug several.,2022-09-29 22:21:56
748,1430,oil,Including can much husband single administration democratic.,2023-10-24 04:12:49
749,4646,Mrs,Safe imagine purpose onto anything option create coach agreement watch.,2021-06-12 08:47:09
750,3376,develop,Eat student some various threat past speak pass push style.,2023-05-30 19:11:30
751,2305,quite,Interesting care movie together true.,2021-05-31 23:07:31
752,1661,under,Majority end everyone return class high bar color address.,2023-09-12 19:43:39
753,2122,measure,About good describe value light trip six without look.,2022-05-21 09:17:09
754,361,benefit,There spend value serious arrive for common.,2021-08-16 08:03:29
755,3307,hand,Former expert item carry common key often budget history fact.,2021-01-10 17:18:52
756,3106,book,Mouth American find someone.,2023-07-13 10:51:18
757,4849,seat,Lay however reach free far soon work animal late.,2024-07-24 15:27:53
758,4640,now,Those shake pretty experience quickly.,2023-02-10 05:58:10
759,243,parent,People pull establish prove great.,2021-02-24 16:21:17
760,685,name,Summer sound nor beyond then.,2021-03-08 09:14:18
761,4564,Mr,In role political spring other skill tough million government various.,2020-01-03 21:43:33
762,2987,suggest,Year final difficult commercial news media plant surface.,2023-09-27 06:03:31
763,2537,worry,Management long politics forward hand west deal.,2020-07-22 12:56:31
764,4029,indicate,Seek trial plant always military always support very must.,2021-05-12 08:05:08
765,3963,analysis,Discussion success difficult which prove phone man always crime.,2024-06-11 05:12:52
766,2891,pattern,Chance matter buy game yes ready ago shake method challenge.,2021-09-27 01:46:08
767,2237,least,From both hear why owner our discussion carry note.,2020-02-04 02:30:25
768,815,both,Realize include week course area today career.,2023-01-11 17:12:39
769,2799,catch,Front truth drug rest assume recently audience exactly bad if.,2020-07-04 17:54:53
770,265,the,Thing win world magazine project case.,2021-12-19 08:47:47
771,3453,onto,Pull happen woman industry particularly Republican their hundred easy.,2021-01-06 18:24:22
772,3546,between,Her senior physical forget nature.,2020-12-12 08:55:41
773,3258,professor,Cup figure long religious foot still near model.,2023-11-11 00:15:42
774,2989,yard,Actually fact investment cell whose music expert.,2023-11-30 22:19:34
775,4133,worry,Game see computer should century wish.,2021-12-16 16:25:34
776,2309,professional,Various almost television would amount structure.,2022-02-28 05:49:14
777,2731,present,Performance against eight personal then president ready ability return pull.,2022-09-13 16:53:03
778,1783,bit,Happy economic three half bit reality leave.,2020-01-31 06:07:53
779,4007,necessary,Low turn century fight big still add go collection.,2023-01-04 07:18:16
780,4103,win,Issue college these join how wonder deal church though wife American.,2021-04-30 00:19:32
781,1143,value,Daughter bring evidence wonder fact over present various.,2023-01-26 07:24:05
782,1725,get,Finally letter while executive simple tree situation.,2024-07-03 13:40:39
783,3041,learn,Know court American loss as lot camera science Mr.,2023-12-01 00:16:48
784,2962,now,Mr cup memory field TV land identify program character gas.,2022-10-21 16:12:42
785,3755,likely,Both church give side policy book stop.,2023-05-24 17:54:08
786,4732,imagine,Down least medical similar argue nothing.,2023-08-11 19:13:11
787,4877,check,Old you news out degree memory.,2023-11-13 16:40:30
788,897,quite,Account guess realize if trip organization price.,2024-01-31 23:40:22
789,1499,during,Today would second general nice sound pull structure art.,2021-07-11 05:02:42
790,4741,suddenly,Which office education enough room glass recent according.,2021-09-28 01:10:41
791,4967,close,Television increase lot nothing thousand yourself traditional lose read great reach.,2023-07-28 23:48:36
792,3948,list,Too indicate already ability help always everything personal region.,2022-07-01 11:34:18
793,2299,tax,Structure certain book receive decision subject fear development beautiful.,2023-10-25 10:08:56
794,196,purpose,Art bad skill material financial.,2024-05-31 10:18:04
795,4822,couple,Half cause practice expert statement.,2024-03-04 20:39:40
796,3659,unit,Seem hotel me speak book young you almost actually.,2020-06-03 04:59:02
797,1973,since,Very finish lay apply leader my.,2020-03-08 19:55:21
798,2760,daughter,In responsibility not professional development until next himself war down.,2023-08-28 21:29:30
799,4181,unit,Sign PM player end bad modern north us list be.,2023-11-01 16:17:55
800,922,look,Design responsibility another above especially process join decide woman.,2024-09-12 12:54:37
801,354,international,School response blue then car young sing.,2024-12-26 21:00:13
802,4562,inside,Social week stand unit show class moment note treatment firm society.,2022-11-15 03:02:09
803,2968,teacher,Court section citizen feel building will answer present study three.,2023-07-02 14:04:53
804,4244,boy,Process mission nation may short she determine specific several.,2020-02-13 19:18:20
805,3013,stand,Glass around security college.,2023-08-27 21:49:56
806,812,whatever,Both method plan alone garden indeed drug debate.,2024-05-04 22:36:19
807,3381,say,I table manage answer we measure without moment.,2022-10-08 07:30:25
808,1926,subject,House memory attention air hope accept.,2023-10-20 11:03:38
809,2723,guy,Energy entire herself we accept.,2022-07-31 07:43:06
810,4525,practice,Magazine executive cut this blue offer almost heavy.,2020-05-05 07:25:11
811,1272,sport,Pm easy environmental goal model Republican.,2020-02-20 04:19:09
812,2563,seek,Follow head alone trip talk hit thousand item night begin.,2021-05-20 19:26:43
813,1605,care,Woman total method marriage toward country recently pressure.,2023-07-25 18:31:37
814,4121,growth,They student stop make market cause key college serve.,2020-11-16 21:59:50
815,1739,let,Thing thing great data environmental how son.,2021-12-01 01:57:44
816,3415,determine,Decision sister meeting hot test be concern last.,2020-03-14 02:12:16
817,3967,any,Take he born too sound would.,2024-12-18 21:52:45
818,2706,list,Organization face stage notice join chance add water.,2020-10-17 06:21:30
819,4468,order,Speak difficult director ability finish concern six dog.,2023-11-11 02:16:41
820,228,pass,Product song simple during present how there sure.,2020-02-17 20:53:03
821,2093,will,Method he arm notice unit seem deal action wrong between.,2024-07-31 22:30:20
822,1203,free,Section miss player market arrive set two follow tend organization.,2021-08-10 00:59:17
823,542,us,Read page world small his.,2020-10-04 16:01:35
824,2883,former,Stage church word answer participant.,2020-08-02 17:31:12
825,4618,six,Human near right either current police sometimes coach.,2020-07-29 09:39:32
826,769,matter,Candidate administration best wall five off attack listen Mrs mission.,2020-06-05 03:00:50
827,4349,guess,Include natural system spend bank property soldier.,2021-09-21 09:43:17
828,3311,me,Other over section reflect approach around.,2023-05-15 10:24:54
829,4867,sell,Free thought expect age change director town travel back ball.,2022-02-18 21:38:32
830,3625,after,Left policy listen read light rich radio control fly play boy.,2024-09-27 20:05:14
831,348,five,Produce while painting tonight.,2022-12-09 15:39:45
832,1098,east,Common result business growth us leader upon put best.,2023-03-17 08:07:51
833,2921,miss,Positive generation yard fly start attack politics often.,2023-03-13 20:25:40
834,4113,church,New these water thought believe central since.,2023-10-18 23:39:52
835,359,care,Before she responsibility plan my management arm report.,2020-08-30 15:42:03
836,2934,art,Consumer field situation office later black material occur husband.,2024-01-06 18:37:56
837,4643,kitchen,Position college bad attention girl great be truth.,2022-07-24 11:50:28
838,1543,worry,Into cut budget whole she financial walk physical answer whom special.,2023-05-06 05:01:57
839,1853,for,Especially instead store kitchen true pull piece pick lay.,2021-06-15 22:20:51
840,4006,collection,Congress performance project specific late woman outside.,2022-08-01 02:37:36
841,523,reflect,View special food sign trial another computer successful.,2023-08-06 03:00:17
842,3032,late,Compare not matter mother themselves budget get.,2020-03-31 06:01:44
843,2384,information,Clearly near feel risk sister piece.,2023-07-25 12:52:32
844,4007,value,Game senior appear wind war discussion raise return budget plan.,2020-05-09 07:50:31
845,4010,skill,Help leave common method rule American own when.,2023-03-10 23:32:28
846,2192,from,Kitchen administration though late individual majority brother inside cup.,2021-09-28 22:11:06
847,426,figure,Case political worry reduce bill center blue.,2024-11-04 19:00:48
848,1737,matter,Front provide policy treatment guess far little.,2021-12-30 21:02:31
849,972,yet,Tough identify while check center scene people stop within result toward.,2022-08-10 21:22:07
850,2704,through,Different participant outside me fall send amount attorney game find.,2022-11-15 05:03:51
851,1445,lay,Behind itself total share where husband paper voice carry.,2021-03-12 13:33:37
852,3850,candidate,Research brother yet especially.,2023-01-04 21:46:52
853,3860,so,Former blood production accept value significant.,2020-11-20 07:39:15
854,1971,yet,Trial direction natural against next move debate true financial employee.,2023-05-29 13:50:02
855,2913,figure,Yet Mr arrive chance class current plant hotel realize partner.,2021-10-28 06:38:29
856,3620,available,Stay shoulder rise prepare course claim business too war avoid.,2024-11-29 17:42:18
857,2118,determine,Ground community move difficult ability.,2021-05-21 16:07:32
858,1258,training,Station sport situation actually scientist I.,2022-06-16 18:41:38
859,1790,firm,Carry population rise be cover teach recent.,2023-12-14 09:32:38
860,3719,system,Be thought action call nothing fire guy note light.,2020-03-09 23:34:52
861,4818,deal,Down responsibility return answer opportunity drug others two.,2020-01-07 10:37:36
862,4614,budget,Actually almost economic card material join event always PM close.,2023-02-14 19:49:41
863,757,science,Pass claim age student interview follow mention recently.,2023-07-30 18:12:30
864,760,herself,Pm political night they table decade.,2020-10-22 22:02:30
865,1230,campaign,Investment produce environment public very contain two conference agree run.,2024-07-23 18:36:33
866,2641,into,Including possible civil year each worry imagine his price quality.,2020-06-08 23:22:56
867,3547,idea,Glass society international happy they pass nothing yeah develop.,2021-01-14 19:12:55
868,3566,exactly,Discussion blue nearly author close.,2021-10-22 17:16:15
869,2771,late,Continue simply use indicate task.,2023-06-18 08:09:00
870,1756,necessary,Career soldier him want society.,2021-08-19 14:23:03
871,2960,activity,Against bill wide sound also event cell address.,2024-08-20 16:17:18
872,3484,hour,Agent add collection base.,2024-07-21 17:44:02
873,2647,accept,Smile build around surface player course phone issue need.,2021-06-11 02:14:04
874,2092,ask,Technology serve become anyone line system pretty meet hear ground wish.,2023-03-02 22:14:36
875,3516,social,Common study billion record stage door there whether challenge population.,2021-01-12 22:54:07
876,2102,special,Real age claim forget spring go let.,2022-01-27 01:30:13
877,2962,Democrat,Threat popular she trade over back entire western.,2022-05-05 22:21:37
878,540,age,President else only data true as back full attorney.,2024-07-22 02:03:54
879,3123,today,To paper campaign citizen method stop actually billion center.,2023-02-22 03:09:07
880,2972,hold,Pick suffer fish enjoy guess even foot.,2023-06-21 01:28:23
881,4158,right,Policy from western across quickly pick language back.,2023-04-14 23:14:33
882,3161,mind,Field into figure interview very agreement group strategy.,2024-12-02 08:41:34
883,1430,section,Staff father approach general later low theory college instead beautiful.,2021-07-18 14:46:47
884,1070,record,Fear newspaper finish figure candidate put middle charge.,2023-08-09 16:25:07
885,404,data,Teacher person accept truth which difficult career expert newspaper name.,2021-07-08 10:41:15
886,2809,technology,Close trial season western me enough listen.,2022-12-11 10:14:18
887,2561,for,Question test nothing month deep no north baby.,2023-02-16 13:23:30
888,4207,work,Teacher total less view technology.,2022-07-12 17:52:34
889,4905,media,Player challenge present respond amount loss concern.,2023-11-25 00:54:45
890,459,catch,Son line maintain fine science although room quality middle.,2023-10-26 16:59:48
891,3731,everything,Mean sort picture act many benefit war model local.,2020-06-26 21:31:59
892,2967,management,Name black easy thought theory ok answer.,2024-09-06 04:13:48
893,576,now,Amount always what traditional.,2021-05-17 06:31:41
894,650,rise,Sit suggest his step authority fast discuss range begin majority.,2024-08-17 20:00:01
895,3909,however,Move item federal benefit base book organization.,2021-02-08 15:45:17
896,4016,determine,Particularly loss question get list pull then.,2024-07-15 05:55:58
897,4881,media,Baby show especially want focus after explain prepare.,2022-03-10 06:26:20
898,120,land,Arm early scene probably night.,2020-01-15 05:52:04
899,1461,safe,Fact man company great lawyer relationship guess never.,2023-02-06 23:35:25
900,4600,where,Wonder employee recently one painting act enjoy rule window production.,2022-02-05 11:54:21
901,2628,song,Perhaps party we best group receive than call provide.,2024-11-19 12:06:39
902,4107,catch,Wonder table little page hold while recognize hot.,2024-07-20 09:40:47
903,2970,ok,Everybody music no show simple high tree five.,2020-02-27 16:34:19
904,3866,sort,Memory lot data war time you film.,2022-09-25 05:06:23
905,1670,trade,Whose prepare space enough boy son central left subject choice.,2022-10-10 20:07:57
906,2018,board,Seem despite project investment heart party story item sign.,2023-04-13 19:55:01
907,2672,wrong,Sit probably much each history never president PM.,2020-12-01 03:20:00
908,777,own,Green skin offer already her.,2023-11-21 07:22:03
909,798,and,Heart peace wind fund phone for true investment.,2024-04-30 18:28:04
910,233,material,Onto result fund star bed high little like campaign.,2022-07-24 10:57:12
911,2590,movie,Sit discuss history show charge here bit financial.,2020-07-28 16:16:10
912,761,age,Model mother back ahead home increase several field quite.,2023-03-12 17:58:05
913,1383,scene,Key participant result blue challenge star modern.,2020-01-31 22:29:08
914,533,clear,Stop apply natural hour be.,2020-05-06 06:58:54
915,2424,easy,Threat popular understand gun foreign page lawyer today sea apply.,2022-03-02 17:52:23
916,2336,who,Study say difficult well along environment follow sport family.,2020-02-05 22:00:52
917,2923,keep,Then treatment three town outside billion hit.,2021-12-24 13:04:16
918,2554,read,Foreign low off stop send hear.,2024-05-16 19:18:07
919,4824,better,Head across company voice final Mrs everyone.,2021-07-31 11:42:39
920,3521,institution,Bill American mouth economy avoid employee little either yeah citizen.,2020-12-29 20:31:21
921,1231,meet,Agency probably career commercial left ahead ok personal country.,2020-06-11 23:04:51
922,3309,bank,Head most live lead page draw live page suggest wind hit.,2021-01-09 02:22:28
923,2947,appear,Paper need understand serious unit wait above imagine just husband.,2020-10-19 03:14:18
924,1916,whatever,View image possible trouble where surface weight far mention strategy.,2021-10-03 02:13:31
925,4055,property,Believe south one institution prepare partner north church.,2022-06-24 19:58:03
926,1461,in,Thus full street then eat race memory.,2021-07-13 12:12:02
927,2643,rate,Model to with artist.,2022-02-16 13:04:54
928,4290,subject,Particularly paper off shake structure its.,2020-10-04 03:00:50
929,4238,throughout,Past boy story tell so note hour.,2021-07-31 01:42:05
930,4823,consider,Pattern such all upon door matter worry speech.,2020-01-09 10:54:07
931,316,chance,In sense majority personal road difficult amount.,2020-07-31 22:13:22
932,4752,now,Task thus spring individual option Democrat according yet somebody mind.,2022-09-30 06:13:27
933,740,say,Exist buy market style represent player anyone interest identify.,2020-06-11 14:35:28
934,2284,peace,Similar dinner authority color phone sure increase down.,2020-07-25 04:17:32
935,1414,seek,Space hotel key growth.,2023-04-26 14:45:47
936,4741,can,Increase Republican prevent whether over might.,2022-07-30 03:48:19
937,2003,score,Court bring project evening job call.,2020-03-26 04:03:30
938,2643,suggest,Thank realize successful left certain reveal.,2021-09-05 16:52:49
939,674,method,Other position century east person.,2024-07-11 00:25:40
940,1997,behavior,Themselves issue hot protect vote.,2023-05-11 17:15:15
941,4406,team,Kind total tree all shake meet.,2022-07-19 20:54:37
942,893,voice,Walk stand citizen officer less both event oil.,2021-08-11 21:45:55
943,2799,green,Yes air current magazine worry very black again natural.,2024-10-23 08:58:11
944,2350,admit,Water finish draw base class.,2020-04-03 07:11:41
945,601,along,Truth garden his real.,2024-08-31 04:21:35
946,3711,say,Smile way area authority after fall but that paper since.,2023-06-12 09:40:27
947,2251,however,Each style soon week until democratic determine student avoid.,2023-09-29 20:41:48
948,4361,conference,Others else protect continue theory almost industry federal fight.,2023-01-08 04:47:49
949,2447,bar,Media official firm director security situation huge teach above since.,2023-09-22 12:56:32
950,350,throughout,Current beat fast first evening case fast.,2023-06-28 06:06:47
951,381,easy,Protect together gun red to.,2022-02-15 00:11:36
952,1261,run,Why during me vote firm suffer couple improve.,2023-07-18 16:15:51
953,4456,term,Anything million see simple industry war boy tough protect available image.,2022-11-15 06:12:25
954,3176,various,Represent word house Congress so agreement first shake still speak.,2024-11-29 14:27:48
955,3048,beautiful,Measure break training but total couple.,2022-10-31 06:29:48
956,2469,mind,Popular hour dog Republican good push poor section.,2024-11-04 01:01:05
957,4663,any,Great person thank must full decision personal gun operation buy.,2022-04-27 04:53:41
958,855,TV,Practice Mrs that again small production series.,2021-06-09 00:35:11
959,3565,discuss,Indicate staff hand what take protect south.,2022-02-06 10:04:14
960,366,authority,Need between organization near factor ahead nor now major despite.,2024-03-30 04:25:40
961,2442,eight,Statement already like structure fill art beautiful.,2020-10-11 04:36:15
962,2547,campaign,Eat else born collection well street information only past bank.,2021-10-07 22:56:14
963,840,feeling,Soldier stage dream cultural financial have cover run serious hair.,2023-09-07 14:38:39
964,3583,somebody,Seven during president candidate data allow thought allow American without.,2020-04-09 01:38:48
965,3197,feeling,View piece size from.,2020-10-01 06:49:27
966,4013,society,Ball morning movie position myself.,2021-10-03 15:45:35
967,265,care,Money first war represent language Mrs new.,2024-01-04 04:55:22
968,3235,sometimes,Source single small notice buy hair maybe.,2020-11-09 14:30:35
969,3860,course,Thing operation several several section right especially.,2021-09-05 00:12:38
970,3526,Mr,Political light building work past.,2022-03-08 15:53:14
971,1978,stand,Similar view feel local even contain require social laugh.,2021-05-03 23:37:08
972,1817,nice,Positive attack glass between other feel several measure perform represent.,2021-01-04 08:16:33
973,3705,almost,Identify natural gas network professional president notice run.,2021-02-19 03:20:47
974,219,successful,Politics matter scientist indicate accept conference paper range.,2020-03-14 04:31:46
975,2127,best,Phone remain consider like their process season thought during.,2023-06-28 07:01:19
976,2593,beyond,Reason news large property support direction suggest husband sometimes.,2023-08-28 06:19:52
977,1962,city,Letter car dog character him event customer.,2024-06-16 10:44:02
978,2282,voice,Fly growth hold ok economic interview body customer free.,2022-04-15 01:40:29
979,1178,movie,Hotel report cut produce character.,2020-05-31 18:10:20
980,3183,cause,Husband movement thousand pattern performance amount eight financial should investment.,2021-03-15 02:17:20
981,2612,leg,Pm author management benefit final who.,2023-03-05 03:38:05
982,4553,help,Else economic agreement particular gun operation natural trouble traditional.,2024-05-17 22:22:36
983,3310,put,Congress common model American production physical word land.,2020-08-04 01:32:31
984,1662,camera,Tonight adult management campaign answer individual.,2022-12-25 08:58:02
985,3747,skill,Be federal management in age smile recently billion.,2020-12-12 17:47:09
986,4491,participant,Sign why account few its.,2021-01-30 16:58:31
987,2075,but,Prove safe south guess surface we whether middle.,2021-11-01 05:06:36
988,2248,imagine,East some common sing myself fund perhaps.,2020-07-19 03:21:01
989,2755,my,War treatment lead court like.,2024-01-09 23:28:44
990,114,admit,We support be politics suffer anyone method open seem.,2021-06-03 20:39:56
991,2514,event,Measure may top future traditional friend.,2024-03-24 19:55:14
992,3790,admit,West reality pretty wrong floor should possible teach worker.,2021-11-23 01:12:34
993,3241,time,Wear personal smile rise agreement great run much far wide shake.,2022-11-10 20:23:33
994,938,any,Wall deep woman history kind as arrive role.,2023-01-28 10:31:31
995,3188,world,Military reflect reason indeed relationship and training much wind trial.,2024-06-14 16:41:10
996,2209,send,Level push coach add protect attack question.,2021-08-27 15:45:18
997,394,nature,Suggest argue continue grow turn maintain nor baby house marriage.,2024-06-22 08:24:59
998,2937,beat,Prevent hot remain rock left financial single yet senior.,2023-08-29 06:15:13
999,3102,still,Account statement think station Mrs.,2021-05-20 13:48:27
1000,2208,very,Believe my late everybody story daughter result.,2021-03-08 16:21:21
