ip_id,ip_address,flag_reason,last_seen_timestamp
1,157.84.60.64,Star room sometimes truth house film much.,2024-06-26 20:29:58
2,220.191.125.0,Eat minute face interview water.,2024-07-25 01:28:08
3,206.158.117.26,Center meet company now someone opportunity choice story.,2022-01-27 12:33:50
4,200.65.176.150,Use within ten certain simply personal wind.,2023-03-18 06:42:33
5,92.19.47.12,Guy while believe join.,2021-03-29 20:58:49
6,99.138.25.97,Senior war marriage step operation.,2024-04-26 18:34:01
7,159.9.61.225,Social its girl first task move.,2021-12-11 20:45:18
8,103.253.8.70,Management box effect bar region.,2020-01-02 21:12:19
9,98.141.66.188,Gas town book song wish might check.,2020-03-16 13:43:56
10,78.226.122.105,Machine run behavior send happen feel.,2024-09-24 14:24:48
11,53.207.76.158,Assume fire job.,2024-05-30 15:16:34
12,111.103.181.190,Region public magazine return.,2020-12-30 19:31:39
13,44.243.104.188,Decade fire control return better.,2023-10-29 19:56:03
14,158.148.29.85,South blood reduce deal tough born citizen.,2022-02-11 05:48:46
15,187.138.112.62,Foot fish physical late.,2023-01-17 18:23:41
16,67.130.116.139,Sense so decade.,2020-12-20 16:01:07
17,4.244.47.234,Wait water between huge general authority leg.,2024-02-13 00:06:01
18,147.3.231.23,Within maintain likely throughout hotel.,2022-04-28 13:13:12
19,88.140.176.118,Quality side able professional particularly interesting accept pull.,2021-08-22 03:41:54
20,12.108.86.98,Exist key line financial provide fight.,2022-12-17 09:41:39
21,68.80.172.206,Indicate ability experience discover two recently read kind.,2024-04-11 15:27:40
22,140.110.250.253,Add toward onto store.,2023-02-04 00:13:43
23,23.73.141.126,Paper board others produce situation expect article.,2023-01-26 07:12:24
24,208.92.84.161,Popular assume he shake new hour other.,2021-06-08 01:02:24
25,134.91.189.106,Social morning month former identify whether blood.,2023-01-11 12:47:07
26,121.40.156.233,Participant doctor able thus energy.,2024-07-05 20:44:26
27,97.77.2.135,Rich sport important race however indicate service base.,2021-11-07 17:17:37
28,104.171.0.176,Step between positive thousand maybe.,2022-12-09 02:50:25
29,103.57.147.208,Into guy year why wife policy much.,2023-02-16 15:16:25
30,147.43.55.15,Like I stuff candidate skill.,2022-09-18 20:06:40
31,157.247.202.237,Agreement color degree data.,2023-09-30 14:07:17
32,114.53.87.199,Term several sit concern.,2024-06-23 03:28:37
33,122.180.246.202,Teacher travel common general expert country effect.,2020-01-01 22:00:50
34,118.227.10.54,Crime security when least ago fear message article.,2024-04-17 21:57:43
35,202.179.181.254,Later dog prepare serious city resource.,2022-06-13 20:14:45
36,106.145.145.86,Operation director respond fire.,2020-10-07 14:13:42
37,53.236.41.183,Face economy memory economy effect.,2022-08-30 07:51:05
38,215.26.37.26,Significant relate surface not he fire tonight.,2024-11-23 21:41:07
39,112.141.93.138,Store wear main way east.,2020-10-23 14:38:30
40,212.24.118.213,Magazine meeting end check economic.,2022-11-19 04:23:14
41,8.13.160.200,Morning but really walk school late.,2021-08-26 08:18:57
42,210.170.5.224,Record Congress up thing.,2024-08-24 22:29:14
43,145.119.206.254,Film how here four federal sure test career.,2022-12-13 18:41:31
44,110.59.55.214,Task still tend always movement.,2022-10-11 05:35:29
45,115.20.189.67,Cover almost subject young foreign.,2024-11-17 11:27:03
46,220.13.29.244,Scene still campaign everybody.,2021-06-14 02:30:11
47,144.94.61.46,Hold financial some boy spring.,2024-01-12 06:49:12
48,48.72.142.219,Dog difficult conference project seven not.,2020-04-14 17:50:52
49,163.227.20.113,Stage social court laugh.,2022-03-26 02:34:35
50,193.203.91.97,Then decide land amount risk left medical.,2021-09-28 16:36:20
51,138.47.52.96,Claim song account how recent eye water.,2021-06-10 10:33:42
52,68.229.133.16,Lose often book box trial.,2023-10-04 00:45:32
53,217.115.26.246,Before even Republican game option common political.,2021-01-15 06:10:14
54,199.187.89.176,Agent certainly both institution.,2020-12-13 17:17:06
55,202.96.198.169,South treat call position.,2024-06-18 20:47:36
56,2.99.203.73,Practice attack customer.,2022-10-04 22:23:37
57,13.59.96.133,Society believe year offer peace discuss.,2024-07-31 01:43:32
58,194.57.89.249,List recognize such through over so.,2021-07-05 07:19:41
59,64.120.218.68,Past authority Congress likely option standard share.,2024-06-04 02:22:45
60,81.194.94.105,Civil type laugh view energy including party.,2024-09-01 16:27:40
61,215.64.200.167,Sometimes of teach need identify police with.,2021-01-26 22:38:32
62,150.38.166.118,Fish certain us resource.,2024-04-18 02:13:01
63,11.25.98.102,Challenge side life.,2020-07-03 22:59:25
64,197.85.200.44,Example long whether help foot market.,2022-02-15 14:50:48
65,201.204.236.123,Report whose attorney.,2022-11-17 14:23:04
66,158.143.135.21,Note standard quite develop over response general rest.,2023-10-03 11:05:15
67,22.196.254.5,High prevent rest drug court.,2020-12-02 16:44:18
68,189.168.108.195,Religious policy history source pull office.,2022-08-11 16:40:13
69,66.166.198.252,Benefit natural sign government page point character.,2021-05-20 10:53:28
70,201.250.131.231,Grow hope total modern apply across should lose.,2023-03-27 04:49:58
71,211.22.153.157,Section none despite return vote onto.,2023-09-15 04:54:37
72,157.183.47.214,Student available doctor since especially.,2021-03-22 22:24:20
73,118.33.226.80,Operation school show attack now.,2022-02-09 17:13:35
74,96.128.125.28,Continue agent maybe employee.,2023-11-26 16:18:25
75,143.96.241.52,Head whatever field candidate.,2023-11-30 12:02:21
76,166.190.205.11,Movement world of treat.,2024-10-09 15:37:26
77,140.128.147.212,Quickly question owner stop.,2023-04-06 17:28:28
78,43.23.116.201,Identify would civil area white science door.,2020-11-21 06:09:51
79,10.232.136.13,Environment sometimes because window page final every onto.,2020-03-25 00:53:07
80,24.126.166.234,Subject since item seven risk white challenge road.,2022-01-27 16:22:43
81,179.87.232.164,Shoulder eight will best draw commercial detail.,2024-06-26 09:11:16
82,27.84.95.13,Chair pass leader five argue realize dark.,2020-01-20 09:57:43
83,121.94.55.97,Movement quite bill message collection but.,2023-05-02 15:53:00
84,94.121.90.93,Government culture day couple very require listen.,2021-06-06 17:22:54
85,45.230.121.229,Everybody fill face section into realize.,2020-07-22 01:45:07
86,33.117.13.247,Question matter skin.,2022-05-11 01:06:22
87,184.151.40.36,Cell practice third strong own.,2024-03-26 19:44:50
88,98.136.65.49,Know task evidence cup lay.,2021-11-13 23:12:44
89,150.19.26.191,Change let expert.,2022-07-12 02:36:12
90,218.126.224.218,Allow third tough town.,2021-01-23 19:58:26
91,47.111.154.150,Choice end south although win tax hair.,2024-06-20 03:06:07
92,3.84.135.34,Choice series upon light.,2020-04-13 23:27:44
93,189.94.226.37,Become camera rule simply product.,2021-04-10 22:51:52
94,216.164.187.118,Hour million also guess American executive.,2023-09-22 05:08:54
95,197.225.254.11,Just enjoy right significant.,2023-11-13 14:36:16
96,197.89.236.126,Month clearly upon doctor speech film statement.,2023-04-05 04:55:13
97,215.223.37.134,Deal explain list entire.,2022-01-05 05:41:27
98,67.70.191.176,Ability once natural race.,2022-07-20 23:26:02
99,143.179.135.49,Place eat think western why spend case.,2022-09-06 16:25:16
100,114.33.64.88,Body challenge little window even.,2024-03-08 20:48:54
101,147.242.238.139,Thousand tonight part father.,2020-01-14 19:36:03
102,172.80.239.183,Medical least difficult degree organization beyond.,2024-09-21 20:48:11
103,167.69.75.120,Their soon occur purpose choose.,2022-01-31 04:39:44
104,176.76.89.130,Give chance rather stay.,2021-11-30 20:27:21
105,135.20.35.33,Example protect world speak dark issue fear civil.,2021-08-27 07:45:43
106,72.156.2.146,Light share same visit much.,2024-03-20 05:39:43
107,157.140.144.199,Bag sign own state institution.,2023-05-12 21:16:55
108,148.90.196.180,Could long project billion water prove tax.,2023-12-12 19:07:46
109,82.87.223.48,Your success top green.,2023-07-11 11:06:00
110,32.177.194.138,Stay present quickly give manager easy laugh.,2024-02-25 19:42:02
111,91.51.240.70,Beat newspaper meet him professor economic difference street.,2024-02-24 17:02:20
112,27.177.43.46,Develop media character it.,2024-03-30 16:50:53
113,86.166.44.85,Should suddenly pass theory local.,2021-07-15 03:00:04
114,116.150.79.237,Across alone feel provide.,2024-12-12 15:07:45
115,1.166.204.90,As often claim water lose hold read student.,2021-10-03 12:16:20
116,49.252.13.226,Person defense challenge my.,2020-11-27 18:26:46
117,27.0.213.196,Case his generation goal town painting.,2022-09-26 20:02:13
118,142.223.225.169,Thousand billion still resource like major.,2020-02-07 06:04:45
119,188.92.135.72,Executive go or camera front travel.,2023-05-11 09:55:49
120,15.15.248.6,Pay development business you response several.,2023-01-30 19:37:18
121,9.176.45.198,South produce leave past your.,2020-07-28 04:58:08
122,207.92.234.128,Executive game past player hand.,2024-12-28 17:39:09
123,3.173.59.109,Answer list drive magazine open often.,2020-09-27 11:42:38
124,148.153.35.48,Human pay child whatever board effect lose.,2024-09-08 09:35:52
125,183.169.153.222,Between give simple save.,2020-05-30 23:21:25
126,77.85.241.152,Left responsibility sound might per finish question system.,2021-06-08 01:36:01
127,74.194.57.181,Bill by account measure pull.,2023-07-11 12:00:59
128,223.163.16.198,Physical nothing bill.,2023-10-31 16:52:01
129,147.187.210.171,Hour science low total consider doctor wall.,2021-10-10 23:01:36
130,184.23.15.89,Final grow practice child management key.,2023-06-26 05:27:02
131,182.225.239.99,Space piece national woman management physical character.,2020-06-22 19:36:17
132,114.150.29.179,If test stop office spring.,2024-07-03 18:40:50
133,157.33.52.109,Close appear party behind recent receive.,2020-07-20 23:24:20
134,7.79.85.242,Step marriage pick fish product.,2024-06-17 04:52:46
135,116.123.236.111,Fight some firm although build scientist country culture.,2022-11-28 09:18:50
136,111.177.247.156,Across try mean drop.,2022-10-01 05:57:56
137,143.189.193.228,Speech world current take force more.,2023-06-09 21:40:51
138,123.123.12.187,Focus friend right young.,2020-10-28 00:06:16
139,160.249.244.147,Life reason pattern effort then.,2023-11-08 18:24:48
140,63.35.134.27,Film red agreement speech teacher general.,2021-05-22 16:25:37
141,10.164.28.23,Population degree space explain.,2020-09-19 09:12:45
142,88.135.238.69,Human them economic we American around out.,2021-07-01 03:20:50
143,222.127.203.178,Current claim would adult claim special always.,2020-03-10 10:29:33
144,100.19.110.227,Result of enjoy.,2020-02-01 08:46:47
145,173.152.255.218,Hospital mean identify president.,2024-11-24 17:29:59
146,5.190.192.189,Movement reason give guy agree.,2020-04-18 09:00:09
147,29.206.55.233,Easy throughout citizen detail might.,2023-04-18 20:30:05
148,121.26.21.39,Study also including him big foot.,2021-03-11 17:22:07
149,204.182.222.188,Deal hundred section indicate chair.,2022-07-30 09:43:20
150,218.164.199.55,Person recent relationship.,2022-08-02 07:56:07
151,12.176.166.62,Fall expect section scientist if agent do.,2021-06-15 03:27:07
152,70.154.144.56,Protect black almost health level.,2020-12-30 11:15:52
153,156.42.89.28,Summer allow soon person almost decade.,2024-09-13 07:56:57
154,45.254.75.241,Feeling step federal might girl describe movement.,2024-02-10 19:14:16
155,106.81.0.119,Current every agreement edge institution require.,2024-05-12 00:25:32
156,65.101.169.62,Nation as pass here.,2023-01-14 20:17:17
157,183.1.223.147,Risk agreement two recognize resource sport pay.,2021-06-18 01:27:11
158,7.168.48.163,Most foot add figure have.,2023-11-24 17:39:56
159,15.185.149.51,Away party sister record around glass employee defense.,2021-04-30 18:36:36
160,174.209.250.108,Should culture dinner else matter.,2021-09-24 05:54:57
161,111.59.113.5,Reduce professor if decision reveal law energy.,2020-05-11 22:09:48
162,103.46.218.0,Within take threat mission.,2024-12-25 12:59:07
163,20.107.195.120,Pattern prove society religious maintain wide fast.,2021-10-03 19:37:34
164,3.157.37.20,Book lawyer prove.,2024-10-16 18:22:01
165,179.42.32.132,Base newspaper now story result.,2020-09-27 19:34:09
166,137.190.217.191,Film direction gun bag simple street it form.,2022-06-28 23:11:36
167,194.23.192.60,Picture city hospital at.,2022-08-12 07:22:58
168,51.157.21.112,Morning hand week yes tonight soon.,2022-08-12 07:47:50
169,48.50.193.77,Form go as dark benefit raise beyond.,2023-12-26 21:18:57
170,15.41.40.231,Join again brother involve hotel six.,2022-12-06 12:54:33
171,198.253.117.10,Speak material radio east charge suggest.,2022-01-02 02:29:14
172,133.72.72.183,Pm fire even town show government.,2022-05-21 18:17:00
173,70.138.70.207,Likely by pass participant both risk us friend.,2020-09-15 06:45:03
174,202.224.70.241,While commercial sing gas listen finally herself.,2020-08-24 10:49:47
175,105.228.99.239,Consider we item build professional need.,2020-07-03 18:15:18
176,59.153.95.30,Nor together company success president parent.,2021-12-20 23:25:41
177,218.148.54.254,Truth she their.,2023-02-15 07:14:53
178,95.59.174.223,Continue however player.,2024-02-28 12:35:23
179,112.53.50.148,College cell authority Republican skin go pattern.,2022-11-17 23:06:02
180,90.165.217.200,Wrong change simply fear.,2024-12-31 10:21:02
181,196.82.187.58,Ability sort resource claim production.,2021-06-30 18:15:04
182,64.132.86.231,Mr democratic later piece.,2024-11-24 23:53:10
183,1.56.186.113,Process low per he expect.,2020-03-24 01:40:04
184,89.57.150.166,Make create very political this adult somebody hand.,2023-08-10 15:55:39
185,222.150.19.160,Loss appear home role data air.,2024-07-09 13:58:07
186,187.193.42.181,Join act animal red moment.,2023-10-27 21:35:24
187,190.223.120.20,Safe sound size discuss growth begin.,2021-11-30 09:36:57
188,95.74.248.81,Will whom machine look interview develop.,2024-06-10 14:00:39
189,220.203.144.54,System push she should.,2021-08-05 14:33:21
190,183.47.103.239,Threat structure agent want rule bed hard development.,2023-04-14 16:11:45
191,206.245.167.195,Best hold argue pay.,2021-08-25 16:58:10
192,207.129.32.19,Small couple work particularly.,2022-09-10 17:02:24
193,124.29.255.42,Control tell four allow structure heart law.,2024-11-30 01:53:41
194,141.239.29.150,Go someone itself wear beat.,2020-05-02 18:44:23
195,192.187.183.251,Matter brother party all million.,2020-06-30 03:58:57
196,88.42.79.112,War first occur record church someone.,2023-02-26 12:25:52
197,56.155.226.25,Simple front live.,2023-09-05 08:33:23
198,176.249.234.56,Expert describe rate media account effect.,2022-05-11 19:32:13
199,159.93.40.101,Enough beat husband method size peace determine.,2023-08-12 05:34:56
200,51.209.230.111,Should local prevent physical write foot.,2023-04-01 20:36:56
