id,first_name,last_name,dob,email,address,phone_number
1,Judith,Gallagher,1945-04-25,bryantchristina@gomez-miller.com,"Unit 4064 Box 1314, DPO AA 40585",7506445601
2,Selena,Williams,1952-09-10,awest@yahoo.com,"57347 Logan Station, East Kiara, NY 27554",9788870153
3,Teresa,Leach,1980-05-15,fjones@gmail.com,"785 Natalie Ranch, East Jacobbury, AK 65493",6530261254
4,Cody,Mcgee,1998-10-13,michael03@gmail.com,"55773 Parks Unions Apt. 107, South Rachelberg, TN 08167",3084468754
5,Robert,Potts,2002-04-22,pettydeborah@gmail.com,"9208 Bishop Island, South Christopherview, MD 48395",1513341878
6,Brittany,Edwards,1999-10-15,lchambers@gmail.com,"5475 Gomez Mountain, South Brianbury, IA 41904",4767847688
7,Heather,Harris,1999-11-18,dianenavarro@hotmail.com,"73886 Darius Parks Suite 379, Rosehaven, ME 87454",5687404389
8,Patrick,Johnson,1984-12-14,webermichele@hotmail.com,"076 John Walks, North Susanburgh, VA 74937",1478629895
9,Valerie,Ellis,1994-10-07,nturner@preston-perez.biz,"9977 Greene Points Apt. 204, South Markbury, LA 96090",2295856873
10,Joseph,Ferguson,1998-01-29,jonathon99@hotmail.com,"7060 Emily Brooks Apt. 706, East Rhondafort, PA 80802",8206932695
11,Ronald,Hubbard,1969-03-14,iwood@carpenter-nunez.com,"PSC 1722, Box 0147, APO AA 67087",2855601777
12,Angela,Hubbard,1987-08-18,bryantaudrey@hotmail.com,"PSC 3665, Box 3877, APO AE 76607",3940839602
13,Eric,Lee,2004-06-11,brownlinda@saunders.com,"70333 Antonio Extensions, Bartonland, SD 43444",4926416224
14,Colleen,Clay,1966-11-12,michaelward@gmail.com,"9457 Kayla Gateway, Lake Holly, MA 60791",3320144349
15,Misty,Shah,1964-09-24,wgonzalez@gmail.com,"066 Gina Point Suite 742, Port Rhonda, AZ 64457",7990497184
16,Matthew,Vazquez,2003-02-08,edward51@hotmail.com,"08539 Patrick Squares Suite 995, Alvaradoside, KS 03579",4696665223
17,Cynthia,Dawson,1980-08-12,lbryan@burns.com,"8798 Cassandra Greens Suite 070, Pagebury, NY 14100",9360115168
18,Derek,Adkins,1949-04-10,tracey23@johnson.com,"2631 Kenneth Ridge, Samanthaland, AR 32426",7224871832
19,Sarah,Johnson,1984-01-27,gavinmoore@yahoo.com,"76862 John Ways, Johnhaven, KS 68916",8662932971
20,Christopher,Daniels,1978-02-17,rhonda41@hotmail.com,"PSC 7091, Box 7364, APO AA 29154",7679732803
21,Kevin,Smith,1978-02-08,mark53@gmail.com,"22282 Mcdaniel Pass, East Shannon, NE 51704",8883721858
22,Courtney,Scott,2002-10-12,justin68@chambers.com,"549 Danielle Orchard, Normaside, PA 48052",6494975835
23,Juan,Porter,1953-03-25,brownanthony@hotmail.com,"030 Martha Plains, Aliciaton, NC 12773",7652127916
24,Philip,Peters,2000-02-02,brianwilliams@hotmail.com,"USNV Spencer, FPO AP 45880",8444955697
25,Rebecca,Rodriguez,1946-11-15,davidmyers@gmail.com,"4746 Jesse Trail Suite 837, Birdport, SC 12779",3005753592
26,Vanessa,Henderson,1978-03-06,cannonkenneth@villa-smith.com,"56753 Chelsey Corner Suite 204, Christopherview, MA 91857",5778636840
27,Maurice,Wu,1958-07-03,mauricemartinez@anderson.com,"6282 Carr Gateway, East Nathanville, ME 05859",8548587764
28,Todd,Little,1944-06-06,qwells@richardson.com,"44289 Lopez Burg Suite 463, Cunninghamtown, ID 08129",4274108531
29,Mark,York,1945-10-20,tdouglas@hotmail.com,"3243 Leah Isle Apt. 586, New Jeffrey, MN 22838",4153592287
30,Mitchell,Alexander,1998-09-19,cindysanders@hicks.com,"537 Carson Ramp, Melissaberg, NV 24235",5515959133
31,Kimberly,Kemp,1987-12-07,brogers@miller.com,"922 Lucas Flat Suite 210, New Danielle, LA 23985",1794924791
32,David,Foley,1987-10-27,ltorres@gmail.com,"1728 George Flat Apt. 653, South Stephaniefurt, AZ 96730",9771104335
33,Shelby,Wood,2005-08-12,bbarnes@hotmail.com,"91786 Solis Brook, Medinaborough, AZ 34725",2898848675
34,David,Mcdonald,2004-07-19,jondavis@williams-williams.com,"49786 Johnson Views, Hayesburgh, NV 38326",8504628111
35,Joel,Jennings,1955-01-17,bmoore@yahoo.com,"8334 Aaron Vista Apt. 061, Petersonland, MS 68157",5607651879
36,Luis,Guzman,1968-07-13,petersonbeth@gmail.com,"785 Greg Mission, Perezton, IN 05671",2874813704
37,Beverly,Kim,1993-09-08,oliverjoshua@adams.org,"0549 Sarah Squares, East Christineberg, IN 19219",3805993067
38,Joshua,Thomas,2006-10-10,jillian01@poole-morrow.com,"944 Nicole Groves Apt. 118, Lake Craig, ND 25366",2859685502
39,Joe,Perez,1989-04-10,moorereginald@yahoo.com,"PSC 3628, Box 9135, APO AE 03735",8407592895
40,Samantha,Coffey,1984-12-20,erikajohnson@yahoo.com,"9585 Riley Rest, Jackbury, WA 97087",7529160295
41,Corey,Mccall,1951-01-20,millerkenneth@hotmail.com,"552 Rose Island, Martinmouth, WI 49996",5797124904
42,Julian,Palmer,1970-06-15,nguyenmitchell@jones.biz,"532 Samantha Trafficway Suite 054, Lake Zacharyport, AK 87946",8032048895
43,Vincent,Cain,2006-09-18,smithsamantha@hotmail.com,"38141 Sullivan Ports Apt. 840, Smithhaven, MD 80431",4977671867
44,Shirley,Ramirez,1984-10-29,mitchellmark@yahoo.com,"67118 Michelle Street, Paulside, RI 35706",9172311442
45,Darrell,Kramer,1977-07-31,ashleymiller@hotmail.com,"95083 Lauren Gardens Apt. 047, West Michael, ID 72687",7985090881
46,Clinton,Williams,1998-12-29,williamjackson@barnes.org,"811 Stacy Trail, Kellyburgh, KY 16774",1127199215
47,Gloria,Houston,1954-11-21,benjamin48@hotmail.com,"01908 Hood Islands Suite 557, South Aprilbury, ND 39736",2877857329
48,Dawn,Smith,1999-06-29,carpenterjohn@yahoo.com,"381 Jackson Glens, New Davidhaven, IL 74797",1733754736
49,George,Johnson,1944-04-24,robert96@rivera-allen.org,"Unit 7709 Box 3466, DPO AE 23921",2109018607
50,Christopher,Haynes,1953-03-01,melissa68@martinez.com,"1588 Jeremiah Burgs, Wallaceburgh, IA 34947",9052774602
51,Amanda,Smith,1961-02-11,tracyscott@hayes.org,"2776 Richard Point, East Sergioview, WA 83086",1278825824
52,James,Martin,2005-03-12,romerojennifer@smith.com,"8437 Poole Stream Suite 104, East Marieshire, LA 15925",5518493214
53,Stephanie,Rodriguez,1955-10-21,scotteric@beasley.info,"5281 Shawn Coves Suite 466, East Matthew, LA 98797",4190522841
54,Sharon,Thomas,1999-09-10,christianwhite@gmail.com,"PSC 5439, Box 7169, APO AP 50451",4882321139
55,Timothy,Summers,1966-08-06,hamptondavid@gmail.com,"USNV Cordova, FPO AP 68182",8260373654
56,Richard,Jennings,2002-12-30,udiaz@walter-fitzpatrick.info,"4565 Spencer Isle Apt. 175, Josephside, GA 96913",5040690934
57,Dana,Jacobs,1981-01-27,carolyn56@friedman.com,"PSC 1057, Box 4288, APO AP 65856",2812552430
58,Dawn,Vaughn,1963-10-22,yallen@owens.net,"15658 Clark Throughway Suite 446, New Ethan, MA 97113",8192659307
59,Stephanie,Burns,1962-06-09,klinemegan@young.org,"9558 Baldwin Shoals Suite 171, Masonhaven, SD 38533",4292718167
60,Michael,Herman,1957-11-28,brooke34@hotmail.com,"3759 Sharon Valley, West Carrie, MT 18039",2081653376
61,Amanda,Flores,1963-03-09,qnguyen@gmail.com,"2301 Roberts Field, Port Erinland, NH 58762",2185045466
62,Katrina,Clark,1970-12-08,james22@peterson.com,"5006 Judy Glen Suite 042, Port Charlesburgh, RI 68841",2547735900
63,Tiffany,Richmond,1980-08-06,zachary32@hotmail.com,"6059 Robert Prairie Suite 768, South Danielleside, RI 68870",9718865966
64,Carly,Tucker,1983-08-03,brittany41@byrd-johnson.com,"8549 Jamie Run Apt. 407, New Kellyview, CO 98577",2585144497
65,Joshua,Avila,1990-06-18,timothy72@hotmail.com,"32724 Smith Camp Apt. 926, East Gregory, MO 38245",9196508812
66,Daniel,Sharp,2000-11-06,ppalmer@yahoo.com,"91280 Hooper Lakes, Riosmouth, AR 11330",7508614171
67,Carrie,Pham,1958-08-11,cstewart@davis-sweeney.com,"5363 Maureen Bypass, West John, ME 52108",6890155681
68,Susan,Mckenzie,1964-01-14,andrewrodriguez@hotmail.com,"62242 Jones Inlet, Johnsonmouth, AZ 71158",6558162052
69,David,Guerrero,1972-08-21,rhodesdonna@mendoza.com,"PSC 8578, Box 7317, APO AE 13837",5034514011
70,Karen,Best,1984-01-07,melissa22@mcpherson.org,"0774 Dyer Place Suite 750, Lake Cynthiahaven, NJ 71751",4177552162
71,James,Wilcox,1979-01-13,johngordon@salazar.net,"444 Bryan Parkways Apt. 218, Port Zoeside, OR 99671",6562851336
72,Tracey,Ramirez,1971-07-30,dgonzalez@morgan.info,"043 King Dale Suite 201, Torresland, SC 85169",1339318432
73,Andrew,Underwood,1968-04-27,medwards@king.net,"12122 Owens Circle Apt. 225, Breannaland, DC 11329",4974701897
74,Joseph,Nguyen,1966-07-14,ecampbell@gmail.com,"22656 Rivera Ports Apt. 933, West Hunter, KY 96023",8876197389
75,Elizabeth,Baxter,1981-03-05,vernonpaul@yahoo.com,"738 Roberts Row, East Jason, CO 14813",9818672985
76,Marc,Bonilla,2005-12-31,ashley72@yahoo.com,"Unit 0075 Box 2319, DPO AA 18249",5307451963
77,Anthony,King,1965-02-16,banksmatthew@hotmail.com,"612 Wood Flat, Walterbury, HI 99113",8892130379
78,Luke,Williams,2002-11-22,geoffreyhall@yahoo.com,"618 Brendan Plains Apt. 178, East Deborahton, OK 61849",1823488575
79,Catherine,Giles,1957-04-19,robert40@ramsey.info,"021 Obrien Hollow Apt. 222, Marqueztown, MI 06891",3498502723
80,Javier,Leon,1955-10-18,fpage@mclean.com,"8355 Lindsey Walks Apt. 709, East Andrewtown, AL 91549",5858543541
81,Sharon,Johnson,1952-08-23,jodirivera@gmail.com,"84173 Hopkins Bypass Suite 282, Murilloside, AL 52849",8014634396
82,Eric,Miller,2006-05-30,deanjamie@yahoo.com,"79616 Day Crossroad, West Kara, MS 75461",2381241916
83,Anthony,Rodriguez,1961-02-26,xjones@yahoo.com,"583 Paul Loop Apt. 239, Websterchester, DE 47227",2539283424
84,Kim,Webb,1976-04-16,crystal32@hotmail.com,"1923 Wells Route, Virginiafort, OR 34750",9533444474
85,Roy,Christensen,1996-08-08,dianaperkins@morrison.org,"33352 Joshua Park Suite 529, Lake Elizabeth, TX 50241",3857559660
86,Jennifer,Jackson,1967-01-20,andrew23@gmail.com,"4639 Cindy Path Apt. 733, Williamsview, UT 02674",4771164839
87,Julie,Bryan,1993-08-28,gabrielamann@gmail.com,"6813 Vega Ranch Suite 174, North Susanshire, NE 93574",6220821296
88,Malik,Johnson,1955-06-30,dparker@yahoo.com,"882 Walker Route Suite 775, Derekborough, WI 80789",4202666717
89,Desiree,Boone,2003-03-28,christopherpotter@hotmail.com,"769 Victor Crescent Suite 001, Lawrenceberg, ME 03584",1365375768
90,Jane,Williams,1963-11-11,briannareed@jackson.com,"642 Adkins Parks, Tinaberg, PA 34254",3241483405
91,Lisa,Patterson,1978-03-02,sextonanna@gmail.com,"7848 Rose Loop, Lake Austin, IA 53680",4366676469
92,Sarah,Oliver,1970-03-06,vnguyen@villegas-jackson.com,"62015 Allison Wells Apt. 428, Michellemouth, IL 45358",4187039457
93,James,Graham,1950-02-15,rachelmclaughlin@gmail.com,"41496 Robert Ridge Apt. 777, Lake Phillip, IN 14055",2483392945
94,John,Mcintosh,1972-07-24,cortezjennifer@young-brown.info,"06817 Meghan Circle, Haleyview, RI 30938",8162807236
95,Lauren,Wolfe,1961-07-30,ohouston@hotmail.com,"409 Russell Path Suite 486, Daniellebury, MN 42868",9331756825
96,Brent,Lynch,1983-05-05,megan08@payne.biz,"12868 Tyler Path, Maxwellmouth, OR 40726",4561199206
97,Peggy,Salas,1969-06-02,charlesmyers@dunn.com,"507 Jones Prairie, Mayshire, ND 11165",2059525734
98,Amy,Barber,2004-02-18,coopermichael@conley.net,"6072 Hodges View Apt. 747, New Jesse, MI 85009",1487845766
99,Austin,Edwards,1963-11-07,xvega@yahoo.com,"24591 Kathleen Keys Apt. 480, East Kimberlymouth, TN 64089",9402266075
100,Tristan,Contreras,2002-12-05,gonzalezzachary@gmail.com,"5255 Cole Curve Suite 658, East Marychester, OH 20711",9577510246
101,Tracey,Marsh,1945-09-06,danielle44@morales.com,"697 Fernandez Underpass, Alanport, DE 72990",4477861308
102,Amy,Martin,1985-01-19,iguerrero@reese.biz,"530 Rachel Square, Wuchester, AL 14740",1404698964
103,Steven,Johnson,1984-09-15,ugriffith@freeman-lamb.biz,"008 Holden Walks Apt. 276, Crossshire, ME 68952",8319917307
104,Matthew,Henry,1987-05-01,allenjeremiah@yahoo.com,"33498 Garcia Square Apt. 077, Tapiafurt, MN 85252",8597060498
105,Bryan,Bishop,1950-12-27,timothyfrancis@gmail.com,"569 Gaines Rue, Martineztown, OH 84667",9322394183
106,Tara,Clark,1985-07-21,kelly62@yahoo.com,"USCGC Torres, FPO AP 96282",2755868267
107,Lindsay,Hall,1991-09-05,cruzgina@hotmail.com,"7825 Alexander Plain, Catherinebury, PA 41247",1983067319
108,Joseph,Holland,1996-12-05,craneshannon@yahoo.com,"30102 Tanya Streets, West Teresa, NJ 57044",4710683357
109,Jose,Hendricks,1967-10-11,julia92@gmail.com,"1920 Hannah Glen Suite 686, Perezchester, FL 28635",3663196072
110,Lori,Johnson,1970-05-22,amber12@hotmail.com,"759 Luis Wall, Saraport, VA 61157",1403506900
111,Suzanne,Wiggins,1990-07-09,jordanamanda@yahoo.com,"54099 Kyle Curve Suite 485, North Brandon, ID 13973",1694145544
112,Ernest,Evans,1982-06-14,robert23@singh-mata.com,"874 Larry Fort, South Melissa, MD 25140",2585922687
113,Michelle,Cooper,1991-07-13,mdavis@ward.info,"25229 Cortez Creek Suite 148, West Rileyhaven, MO 72664",7843639262
114,Jaclyn,Reed,1958-11-23,davissamuel@peters.com,"4936 Wendy Harbors, South Jeffreyfurt, MD 72160",1930776409
115,Brenda,Merritt,1956-08-20,marylee@kelly.com,"33094 Stacy Cliff, Philipfort, NH 69914",1435238296
116,Daniel,Mathis,1999-01-03,kimberly65@hotmail.com,"52503 Amanda Viaduct, North Jennifermouth, AZ 54088",2183104946
117,Michael,Richards,1999-05-13,lisahansen@gmail.com,"7619 Rachel Extension Apt. 515, South Jamesville, IL 56650",4182260876
118,Leon,Nguyen,1965-05-19,craigjose@padilla.com,"033 Nicholas Ferry, Lake Zachary, DC 86590",7879203514
119,David,Pham,1970-11-07,tyler47@long.org,"2144 Cisneros Mountain, Lake Sandraville, NH 00504",3497688878
120,Kathleen,Hayes,1988-09-03,amartinez@yahoo.com,"Unit 9757 Box 8790, DPO AA 51608",8654577453
121,April,Wright,1980-05-31,carteryolanda@hotmail.com,"8375 Audrey Pine Suite 262, North Daniel, IN 68610",4955675037
122,Randy,Carr,1966-10-29,morgancatherine@scott-calhoun.com,"8563 Myers Turnpike, North Sandrashire, KS 30595",5653745331
123,Sabrina,Armstrong,2001-10-07,david68@hughes-ellis.biz,"0838 Sheri Extension, North Stevemouth, TX 71566",6360165154
124,Leslie,Holloway,2000-08-02,herickson@gmail.com,"4585 Kelli Cliffs Suite 363, Carterhaven, OK 05802",9616677335
125,Kevin,Johnson,1967-01-23,cindyjohnson@gmail.com,"Unit 6994 Box 2265, DPO AP 60418",5442418372
126,Aaron,Steele,1971-10-09,rachelmorris@yahoo.com,"4619 Potts Ranch, Michaelmouth, UT 31242",5450148741
127,Daisy,Murillo,1953-05-09,megan61@bennett.net,"4132 Curry Crest, West Bridgetton, ID 16509",2204267924
128,Jonathan,Woods,1968-05-17,brennananthony@moore-gonzalez.org,"21199 Patrick View, Shaneview, OH 88743",6870424581
129,Shelly,Watson,1966-02-11,jonesandrew@lopez-perez.net,"PSC 9084, Box 0726, APO AP 82882",2810308550
130,Teresa,Brown,1962-05-17,barkerjoseph@hotmail.com,"66657 Samuel Way Suite 587, Andrewtown, KY 59738",7321756804
131,Kevin,Gardner,1970-05-07,sanderson@wells.com,"013 Hanson Tunnel, Desireeville, IN 44658",5499143000
132,Jack,Rubio,2001-06-14,kevin50@jones.com,"680 Madison Forge, New Maryfurt, IN 37721",7933664625
133,Hannah,Johnson,1970-06-22,kowens@fowler.com,"87939 Lewis Inlet Apt. 010, Lake Susan, LA 07848",9025861870
134,Alexis,Perez,1948-02-27,anna91@peterson-miller.com,"89724 Monica Ville, Jessicaside, AL 42448",9143078171
135,Jillian,Lara,2005-07-07,jordanhall@jones.org,"33294 Moore Courts Suite 756, Lake Richardshire, VT 81136",6720305232
136,Kristin,Hobbs,1958-06-15,henryewing@turner.info,"Unit 3947 Box 2631, DPO AE 53887",5518784727
137,Ashley,Thomas,1973-02-26,nhubbard@king-mercado.com,"54353 Janice Estates Suite 320, North Jeffreyborough, LA 53351",1082533169
138,Shelly,Rodgers,1948-08-25,jill28@gmail.com,"08670 Bonilla Plains Apt. 105, Port Danielle, IN 41976",3127973168
139,Carol,Elliott,2000-05-18,barnold@watson.com,"4885 Katie Garden, Port Amy, ID 64377",1248779669
140,Victor,Mitchell,1968-11-11,michelle09@stewart.com,"353 Villarreal Well Suite 535, Harryshire, RI 60680",4305340447
141,Daniel,Barnes,1965-01-04,jflores@hotmail.com,"22386 Chambers Motorway, Tiffanyside, DE 82996",7121194290
142,Mark,Cortez,1999-11-07,gibsonbruce@yahoo.com,"745 David Ramp, New Stacy, UT 84116",8142887747
143,Rachel,Spears,1991-12-18,chancock@hotmail.com,"3986 Lisa Springs, East Teresaport, OH 82177",2242801886
144,Sean,Wood,1989-07-01,xwebb@hotmail.com,"27126 Sharon Wells, Port Justinburgh, NV 09578",6069152768
145,Clifford,Mendoza,1971-12-08,mweber@gmail.com,"566 Williams Points Apt. 228, Weaverfort, ME 17893",9354365184
146,Danielle,Lloyd,1957-10-30,banksjames@jones.com,"66489 Samantha Port Apt. 185, South John, MA 55604",8271429201
147,Gilbert,Leach,1972-02-28,pamela78@hicks-arnold.com,"67112 Monica Village, New Andreachester, MA 39156",3403611298
148,Robert,Hogan,1987-08-06,rebecca57@yahoo.com,"020 Tina Mall, Port Taylor, MO 63589",9554062237
149,Donna,Juarez,1962-01-21,moorejessica@hotmail.com,"595 Diaz Orchard Apt. 061, West Kevin, IN 39023",2371916978
150,Yesenia,Gray,1955-09-18,robertjohnson@williams.biz,"3440 Anderson Vista, North Peter, MS 58459",3271732168
151,Jeffery,Harding,1972-05-02,chrisvillanueva@lewis-bradley.com,"42257 Hooper Corner, West Morganbury, KS 28142",4271069768
152,Angela,Collins,2000-03-01,jenniferperry@anderson.com,"8496 Keith Manor Suite 985, Zavalabury, CO 51561",3691670772
153,Christina,Shaw,1959-02-24,tracy69@hotmail.com,"6323 Ariel Village, Port Amy, CT 39766",5041984702
154,David,Morris,1966-04-11,shannon18@hotmail.com,"927 Peterson Union Suite 732, Swansonchester, OK 23260",3088605435
155,Shirley,Ramirez,1997-11-02,nchavez@collins.biz,"438 Martinez Drive Apt. 882, Wagnerfurt, IL 05081",3543608097
156,Brian,Tran,2004-03-18,bobby18@peterson-blackburn.com,"8432 Johnson Lodge, Kingtown, AK 05014",7807161907
157,Colin,Harris,1978-06-15,ashleygonzalez@montes.org,"939 Frazier Coves Suite 523, New Rhonda, WI 63103",3166251663
158,Peter,Sanders,1963-11-16,thenderson@brown-mayo.com,"0586 David Road Apt. 935, North Rachaelhaven, CT 62430",1869887432
159,Janet,Ritter,1963-04-02,anna15@yahoo.com,"73296 Cervantes Drives, Josephland, NM 44001",8456985154
160,Richard,Rodriguez,1962-04-17,rossjeff@yahoo.com,"1353 Rhonda Falls Apt. 205, Normanchester, SC 23512",9324163137
161,Dennis,Barker,1972-09-29,abell@greene.com,"652 Justin Points, Port Ashley, CT 51897",3496424078
162,Gina,Garcia,1987-11-22,lbenson@clark-rios.net,"965 Anna Alley, Garzaburgh, PA 33492",8360794414
163,Brittany,Murphy,1954-12-02,douglas61@hotmail.com,"52304 Brown Harbor, West Haleytown, SC 09641",4508080355
164,Kevin,Gonzales,1993-04-10,mayerryan@kemp.biz,"25680 Michael Orchard Apt. 858, Port Tinaview, MN 45905",8153898663
165,Michael,Navarro,1957-06-28,lewisaaron@gmail.com,"03459 Joshua Lodge, Holtport, IN 53541",8858355335
166,Kenneth,Weaver,1989-02-14,samantha27@yahoo.com,"921 Michael Skyway, South Sharonburgh, ID 25438",6167906040
167,Elizabeth,Adams,1956-09-10,georgewall@gmail.com,"614 Daniel Greens, Jackieburgh, WI 29578",4300502881
168,George,Zhang,1952-03-16,grace52@payne.com,"33515 Amber Port, Heatherbury, NC 22653",9953644642
169,Nancy,Harris,1974-01-12,morrisrobert@yahoo.com,"9345 Williams Burg Suite 054, Garrettburgh, MO 60085",8107579236
170,Michael,Barnes,1985-08-10,josephgillespie@chavez-gardner.com,"65700 Morris Road, Petersontown, MA 66327",4493128527
171,Greg,Anderson,1984-01-03,ywright@harrison.org,"1013 Tyler Knoll Suite 423, East Michelleland, KY 17046",6074913694
172,Jason,Ramirez,1986-01-25,mcclainmarcus@willis.com,"409 Blair Groves Apt. 280, North Sandra, TX 17709",6896444973
173,Ashley,Anderson,1995-07-11,jblackwell@bailey-gonzalez.com,"08455 Lopez Stravenue, Elizabethhaven, MA 18783",8727089044
174,Russell,Hoffman,1954-12-30,uclark@hotmail.com,"22907 Krista Landing Suite 307, Lake Crystalshire, TX 65415",5655323825
175,Steven,Mann,1951-10-04,rogerjohnson@yahoo.com,"700 Robert Islands Apt. 584, Mayerberg, NM 90703",3354454018
176,Mark,Vargas,1950-03-28,jray@woods-clark.org,"4687 Payne Station Apt. 719, Joshuatown, WV 25732",5183428280
177,Jennifer,Bailey,1969-10-17,james57@yahoo.com,"09267 Armstrong Estate Suite 689, New Susan, RI 97004",2951690952
178,Aaron,Cline,1971-12-27,amanda73@green-watkins.com,"9026 Justin Unions, New Kendraburgh, NC 75277",4259126204
179,Donald,Burns,1965-06-09,casey09@yahoo.com,"9673 Morris Stravenue Suite 741, Sarahland, KY 10131",7809058689
180,Rebecca,Keller,1972-10-14,ginajohnson@schneider-reynolds.com,"7340 Orozco Villages, North William, IA 22085",7933769700
181,Billy,Diaz,1981-05-05,heather90@hotmail.com,"47092 Michael Knoll Apt. 596, Jadeborough, NV 31193",2555704912
182,William,Mayer,1992-11-10,ywalsh@yahoo.com,"92607 John Lakes Suite 671, Cooleyland, AL 61579",6585481500
183,Jessica,White,1970-08-10,martinmaria@yahoo.com,"3242 Hensley Estates Apt. 698, Daniellemouth, FL 49771",4500091084
184,Jonathan,Koch,1979-01-20,kelseywoods@howe-jenkins.biz,"1869 Deanna Streets Suite 360, Williamberg, NE 72997",4971716699
185,Diana,Richardson,1975-08-14,brownchristine@yahoo.com,"438 Lisa Mall Suite 996, Mckeeville, CA 58892",6003672661
186,Ryan,Rodriguez,1963-07-22,salazarmary@wilson-cruz.biz,"592 Torres Creek Suite 107, Riveratown, WA 32569",2446015034
187,Robert,Kelly,1997-12-12,orussell@saunders.com,"69838 Leonard Crossing Apt. 963, South Katie, MN 41589",2967017813
188,Maria,Weber,1951-05-06,currymarisa@perry.com,"303 James Wall, Parksberg, OK 67425",4437581344
189,Julie,Carter,2005-09-04,hthompson@yahoo.com,"456 Brendan Fort Apt. 112, Theresaberg, PA 41689",1231589870
190,Steven,Jensen,1991-02-08,murphycarl@hotmail.com,"153 Franco Fort, Patrickstad, SC 13713",6311233461
191,Julie,Hoffman,1944-02-05,michael48@hotmail.com,"481 Michelle Heights, East Meganfurt, MD 21108",7752475284
192,Melissa,King,1983-09-10,smartinez@orr.com,"USNS Nelson, FPO AP 79763",7031456954
193,Steven,Lopez,1963-05-22,laura89@proctor-green.biz,"108 Michelle Isle Suite 068, New Maryland, NY 38792",4139251010
194,Matthew,Cohen,1953-04-16,heather02@yahoo.com,"845 Dustin Ports Suite 467, Michaeltown, MA 70148",6739584257
195,Michelle,Casey,1945-09-09,virginia61@hotmail.com,"44588 Heather Brook Apt. 690, South Christinechester, TX 84545",2387663365
196,Miranda,Ortiz,1981-07-26,david33@davis-martin.com,"32262 Tonya Center Apt. 421, Matthewchester, NM 53470",7927118402
197,Joshua,Brown,1969-04-26,alopez@cole-nielsen.com,"USNS Lyons, FPO AA 54492",2115464064
198,Billy,Davis,1966-03-30,donald07@yahoo.com,"8437 Mitchell Locks, Janiceshire, GA 05199",5572939358
199,Erica,Schmitt,1951-09-03,xrhodes@gmail.com,"74976 Navarro Trace, New Susan, CT 81465",3289947977
200,Scott,Turner,1978-05-09,nicolecox@yahoo.com,"5478 Lane Brook Apt. 070, East Isaacfort, WA 46173",3881230599
201,Jeanette,Paul,1969-02-15,barbaraharris@yahoo.com,"00804 Steven Square, Timothyshire, NV 22017",5581253425
202,Kelli,Garcia,1981-03-17,jacksonbrandon@ellis-romero.org,"0084 Daniel Shore Suite 130, North Maureen, ID 30010",1226444993
203,Nicholas,Torres,1965-12-28,harrisandrea@lutz-harris.com,"83243 Daniel Estate, Amandafurt, DC 82645",1494425758
204,Jocelyn,Vincent,1954-11-09,samuel58@hotmail.com,"81080 Hall Pine, Timothytown, SC 83818",4531687943
205,John,Lee,1976-03-14,matthewsjennifer@yahoo.com,"8235 Theresa Turnpike Suite 564, West Shellyshire, VA 18080",9893738994
206,Victoria,Lambert,1979-04-02,ymayo@grant.com,"PSC 3390, Box 5157, APO AP 50964",3446738672
207,Ronald,Williams,1958-11-02,diazdiane@gmail.com,"310 Phillips Route, Burnettport, MA 71681",2351283067
208,Carolyn,Bailey,1969-09-08,joneschristopher@hotmail.com,"9941 Angela Corner Suite 393, South Yesenia, OR 01565",3301784262
209,Ashley,Martin,1984-01-17,rreid@gmail.com,"772 Jensen Walk Suite 456, Calebhaven, NY 03598",2255309364
210,Lucas,Christian,1960-05-21,nealsheri@yahoo.com,"9385 Harris Ridges, Brandonton, ND 51605",8668795253
211,Ashley,Smith,1962-05-30,tiffany50@gmail.com,"90303 Dawn Lane, South Jessica, NH 70591",2173893324
212,Justin,Miller,1999-07-16,rolsen@hotmail.com,"188 Thomas Landing, Jodiberg, NJ 90020",9490080066
213,Brian,Stone,1992-04-24,kevinjohnson@myers-lawrence.org,"47508 Scott River Suite 457, Longfort, IN 43845",5963044271
214,Katherine,Reynolds,1976-05-22,jeffreyross@hotmail.com,"29901 Gilbert Crest, South Albert, IN 38313",5186138451
215,Brian,Mccormick,1976-01-24,josephcampbell@hotmail.com,"1489 Courtney Harbors, Kelleyland, NM 49909",6039310956
216,Holly,Potts,1996-03-13,mcase@gmail.com,"6807 Christopher Alley Apt. 976, South Alexandershire, MS 69013",9107204625
217,Justin,Santos,1997-01-21,ucook@johnston-lyons.com,"40790 Bryant Ways Suite 554, Hoffmanside, MT 48424",4634953648
218,Linda,Brown,1989-08-06,sotoadam@gmail.com,"2826 Alyssa Grove, East Stevenland, MI 13208",9700565980
219,Lisa,Smith,1986-10-08,jensendavid@edwards.com,"23235 Dillon Ports Apt. 464, Maddoxfort, CT 12789",1249511563
220,Stephanie,Collins,1991-09-15,rowlandhenry@osborn.com,"398 Connor Drive, Wolftown, MS 99488",3574839533
221,Christina,Carlson,1973-05-24,kennethwatkins@gmail.com,"00571 Jennifer Plaza, Stewartbury, KS 64842",6457863612
222,Bailey,Strickland,1972-11-25,bullockkaren@english.info,"588 Thomas Tunnel Suite 622, East Joseph, WV 62500",5961041104
223,Michael,Perez,2000-08-28,colleen79@wilson.com,"5488 Yesenia Via, Priceborough, VA 72386",7624386257
224,Sarah,Gregory,1975-05-02,jennifertrevino@johnson.biz,"27032 Cynthia Port Suite 080, Brandonside, CT 61140",1766622778
225,Kathleen,Johnson,1983-10-20,kimberly83@rollins.com,"93718 Amy Walks Apt. 405, North Katieville, CT 56164",8315666937
226,Gregory,Williams,1958-05-04,kmoore@yahoo.com,"84035 Kenneth Isle, Port Scott, NC 91640",3429119713
227,Paul,Blake,1995-11-14,ureed@hotmail.com,"040 Kevin Estates, Phillipsfort, NV 83561",2654172358
228,Kyle,Robinson,1957-04-21,zkelley@mcdaniel.biz,"394 Carter Ridge Suite 540, Johnside, MI 87168",1471620797
229,Tonya,Sullivan,1954-03-22,veronica72@yahoo.com,"Unit 0603 Box 0983, DPO AP 62510",7042783190
230,Victor,Fowler,1982-10-15,bellmegan@golden.info,"64450 Hernandez View Apt. 341, Port James, OR 14189",3240053612
231,Richard,Smith,2002-08-24,oneilllinda@gmail.com,"243 Contreras Plains Apt. 107, Erinhaven, MA 75467",4050235666
232,Grace,Buchanan,1962-08-26,richard69@yahoo.com,"9791 Thompson Roads, Brianshire, ME 45386",4257707591
233,Veronica,Smith,1952-12-31,thomas80@collins.com,"142 Hughes Pine Suite 265, Robertstad, AR 67490",3983647463
234,Angela,Turner,2002-05-07,thess@hotmail.com,"91261 Michael Rue Suite 510, Kristinton, WA 15815",3986631043
235,Jacob,Wallace,1952-05-31,vwatson@gmail.com,"473 John Extensions, Jenningsside, TN 50174",2338979677
236,David,Ross,1955-01-25,jennifer81@davis.org,"967 Jeffrey Ways, Stewartland, CO 38141",2795883553
237,William,Kennedy,1946-04-02,linda71@jordan.com,"7644 Sara Valleys, West Robert, IA 63501",8088120110
238,Derek,Scott,2000-03-15,hclark@ferrell-steele.info,"81980 Michael Club Apt. 843, Ortizfort, MO 58165",7136767999
239,Dana,Thomas,1969-08-03,james32@gmail.com,"USNV Kelly, FPO AA 97864",3782918428
240,Maxwell,Robertson,1964-04-06,leepatricia@watson.com,"0018 Laura Road Suite 649, Port Greg, SC 20270",4517908465
241,Jennifer,Brown,1946-06-13,ocompton@kirby-sherman.net,"1533 Ross Plaza, Ashleeland, NE 96415",8116926999
242,Logan,Costa,1948-08-05,davidsonmolly@yahoo.com,"6086 Elizabeth Hills, West Tashaborough, NJ 73882",6356784514
243,Shane,Carroll,2000-02-15,owilliams@yahoo.com,"2956 Blake Island, New Lorimouth, NC 40791",5982274231
244,Kevin,Kelly,1947-07-20,bcarpenter@gmail.com,"42277 Jocelyn Islands, Castillohaven, NV 08877",5113777267
245,Alexandra,Morris,1945-01-07,traci13@howard.com,"41771 Barbara Trail, North Scott, MI 64200",7206367302
246,Scott,Stephens,1967-08-21,zsmith@palmer.com,"6798 Romero Lock Apt. 229, Port Nicole, MS 01772",2143014730
247,Stephanie,Johnson,1990-04-11,michelleschultz@lane-jones.com,"PSC 6805, Box 0414, APO AE 47086",9918196288
248,Dylan,Lam,1976-05-05,pirwin@wilson.com,"79289 Callahan Rapid, North Summer, WV 12901",8486553357
249,Ronald,Carlson,1974-03-15,jennifermartinez@yahoo.com,"529 Wall Ranch, Matthewport, HI 48595",6371726754
250,Jill,Williams,1957-05-05,jordanlaura@wiggins.com,"36485 Krause Ways, Wattsfort, RI 01534",5187200960
251,Colleen,Walsh,1965-06-22,laurabrooks@durham-soto.com,"581 Braun Shore Suite 517, Jennifertown, AK 33894",3811732332
252,Paul,Allen,2004-09-10,melissa81@manning.com,"Unit 6894 Box 4267, DPO AA 86656",8837398375
253,Jennifer,Durham,1989-12-13,willie70@hotmail.com,"187 Gail Meadows, Robertschester, WY 18032",8185144065
254,Stephen,Sheppard,1977-03-20,nathan81@hotmail.com,"296 Morales Dam, Kimborough, DE 24171",4561069534
255,Joel,Green,1953-02-02,peggybaker@hernandez-george.com,"9794 Stone Mission, Wheelerfort, NJ 65969",7405158316
256,Joshua,Knox,1978-04-28,nchoi@moses.com,"84904 Floyd Lodge, Mossfurt, UT 95041",5781402759
257,Peter,Bridges,1990-02-08,haydenedward@ayers-lyons.com,"1862 Danny Valley, Dominguezton, WY 44741",6886464744
258,April,Waller,2006-02-02,shelbybowman@yahoo.com,"614 Lynn Radial, East Shane, MA 89041",5722598936
259,James,Ramirez,1984-11-26,vpadilla@wood-walsh.com,"7395 Berry Turnpike, Christinaland, NJ 92493",3251737746
260,Destiny,Walters,1963-04-13,ybyrd@spence.com,"00721 Julia Hill, Lake Bobby, NH 23027",1491761893
261,Bruce,Hernandez,1944-09-24,lori17@gmail.com,"184 Anderson Park, Wilsonview, AZ 25271",5649423034
262,Dana,Blankenship,1976-06-15,josebanks@bush.com,"636 Johnson Prairie, Marquezmouth, SC 26492",6331337533
263,Linda,Morales,1970-11-10,sarah15@gmail.com,"98347 Anthony Lights, New Nancybury, ND 10631",4389724918
264,Marissa,Ware,1959-09-10,coryhorne@moses.info,"5737 Gloria Island Apt. 638, Johnside, WV 95716",4384562568
265,Kathy,Hamilton,2004-02-11,pstewart@yahoo.com,"40835 Murray Overpass Suite 415, North David, MN 55676",3575370172
266,Joseph,Graves,1980-05-27,harrisstephen@travis.com,"USCGC Davis, FPO AA 06036",1486353740
267,Laurie,Crane,1969-05-24,dflores@davis.info,"89772 Stephenson Plain, Alexandershire, AZ 53525",1436878090
268,George,Parks,2006-03-25,carolynrogers@mejia.com,"3506 Mcdowell Burg, South Kevinfort, WY 52290",9591736326
269,Brandon,Walker,1993-10-02,anthony00@ayala.com,"78929 Matthew Flat Apt. 391, West Travis, IL 07465",8182850088
270,Joseph,Norman,1973-02-05,lisa37@rodriguez.com,"0381 Horton Parkway Suite 142, Kingborough, AK 02190",2542433618
271,Aaron,Castro,1988-10-11,rickygomez@robinson.com,"070 Ingram Plain, New Codyland, WV 58984",6279492963
272,Laura,Brown,1979-10-10,amy60@yahoo.com,"USNS Merritt, FPO AE 34422",1411687384
273,Mary,Hughes,1992-02-08,yhall@taylor.net,"7985 Jennifer Unions, Johnhaven, NE 92122",2520106996
274,Travis,Lowery,1954-02-12,gsloan@reid-west.com,"63976 Kelley Viaduct, Karenmouth, KS 43956",2670245291
275,Kevin,Brown,1970-06-07,reedmichael@wright.biz,"3563 Shawn Mountain, East Carlosmouth, CO 66920",8905421677
276,Monica,Becker,2002-12-26,martincalhoun@hotmail.com,"7283 Rodriguez Mountain Apt. 246, Scottmouth, ND 91466",5302319530
277,Louis,May,1984-01-14,lauren56@yahoo.com,"492 Vickie Inlet Apt. 603, West Carlos, MD 39166",2036513283
278,James,Huynh,1965-08-26,laurie07@gmail.com,"1542 Lucero Parks, Michaelburgh, IA 61414",8132671666
279,Kristen,Mcpherson,2006-11-19,johncruz@escobar.org,"293 Christopher Manors Apt. 429, Jennifershire, ID 96175",9211509443
280,Megan,Caldwell,1948-07-19,alvarezchristina@shaw.com,"9342 Miller Islands, New Brian, CT 04265",2551820148
281,Mary,Vargas,2005-04-20,gblake@carr.com,"9183 Morris Stream Apt. 583, Wrightland, ID 47765",9402549507
282,Timothy,Hunt,1983-06-13,hoffmanmakayla@yahoo.com,"88695 Sanchez Drive, New Edwardhaven, AK 82096",1114120633
283,Christina,Blair,1976-04-15,leah24@ellis.com,"2502 Jack Stream Apt. 142, Apriltown, AZ 92886",7271324644
284,John,Fitzpatrick,1992-11-06,qthompson@hotmail.com,"04679 Beard Street, West Kimberlyfurt, AR 29773",9360389755
285,Susan,Mejia,1961-11-01,christopher81@cherry-williams.com,"9255 Christian Mission, Vasquezmouth, MD 90877",8672796181
286,Kenneth,Harrell,1967-05-09,hwebster@wolf-nguyen.biz,"4154 Robert Parkway, Rodriguezville, CT 88648",1070633148
287,Robin,Tucker,1991-01-04,melendezjoseph@sanchez-olson.com,"92873 Deborah Parkways Apt. 916, Markburgh, GA 46822",4655963873
288,Cheryl,Bolton,2005-02-13,michaelryan@hotmail.com,"Unit 6084 Box 2653, DPO AP 72673",7584791175
289,Billy,Vega,1968-03-29,jjones@robinson-brown.com,"3969 White Isle, Douglashaven, ID 86607",7494256904
290,Laura,Goodwin,1945-07-23,howardandre@long.com,"USNV Park, FPO AA 18878",3809049359
291,Mark,Conway,1975-10-20,cbarnes@gmail.com,"13502 Shields Street, Lake Lauren, RI 56313",3344553251
292,Rachel,Miller,1956-02-06,jwells@taylor-benson.com,"692 Davis Mountain, New Geoffreyside, MA 86436",7014443975
293,Kristine,Mcdonald,2000-01-12,vmoreno@gmail.com,"696 Hall Oval, Kurtton, CT 88051",9993837066
294,Ashley,Mcdonald,1954-05-30,matthew91@martinez.com,"367 Dustin Mount Suite 664, Carolynshire, WV 56937",2467026523
295,Randy,Berry,2006-11-15,millerrachel@jones.net,"114 Giles Inlet Suite 278, West Corey, OH 42919",2125573162
296,Craig,Johnson,1986-05-10,oclark@gmail.com,"120 Charles Plains Suite 116, New Paulaberg, NJ 04471",7119155830
297,Elizabeth,Bruce,1995-05-03,vshaw@singleton.biz,"4536 Aguilar Tunnel, West Daleshire, NM 67347",5235367249
298,Victor,Logan,1979-05-20,zwoods@hicks-reynolds.com,"77480 Jennifer Rapids, Port David, WA 16188",9575495804
299,Mary,Martin,1949-12-27,jodi64@hotmail.com,"5393 Melissa Cove Apt. 998, South Aaronhaven, FL 31925",5860181740
300,Ethan,Smith,2002-10-24,ariasmario@cisneros-jackson.biz,"PSC 5547, Box 1986, APO AE 76800",8560216941
301,Barbara,Monroe,2005-10-24,charlesford@howard.org,"Unit 7883 Box 5327, DPO AE 96950",4258488981
302,Spencer,Sampson,1990-06-26,everettkarina@hotmail.com,"2036 Darren Isle Suite 901, West Donna, AL 61326",7367575795
303,Kristen,Mathews,1962-01-08,holly30@yahoo.com,"0247 Acosta Roads Suite 984, Brownville, NY 27035",4593798892
304,Tanya,Norman,1966-12-12,justin99@yahoo.com,"6696 Fletcher Gateway, Port Melissamouth, NH 09058",5916592635
305,Peggy,Alvarez,1958-05-31,ebartlett@flores-white.biz,"67501 Monica Road Suite 616, Lake Gina, WV 44477",4482150783
306,Stephanie,Gray,2001-10-01,juliaperkins@yahoo.com,"927 Banks Harbors, South Mary, DE 96517",8037084494
307,Michael,Martinez,1952-09-16,christopherallen@yahoo.com,"00922 Marshall Knolls, Gayfort, VA 19232",7568904243
308,Briana,Walsh,1961-05-19,nunezaustin@roberts.com,"29738 Michael Underpass, South Kristifurt, AZ 45171",5557253065
309,Christina,Pierce,2001-09-11,jonesjames@hotmail.com,"67639 Emily Street, New Travis, CT 79460",1417456671
310,Kevin,Winters,1965-12-04,marisakline@smith-lopez.com,"16710 Stewart Cliffs, Joshuatown, NC 75263",4136142877
311,Rachel,Miles,1995-10-09,todd24@keith-medina.com,"0209 Sawyer Ford Suite 845, Adamsmouth, AL 58832",9471095011
312,Stephen,Best,1946-02-23,nelsonsandra@yahoo.com,"02993 Cindy Valley, Jacobview, MO 40553",9814504869
313,Taylor,Martinez,1948-06-20,hernandezmark@hotmail.com,"2530 Nunez Springs, Floydchester, AZ 85349",2382949253
314,Travis,Mckee,1955-11-20,traviskeller@gmail.com,"75893 Roger Run Suite 278, Nguyenberg, NE 77869",7559299753
315,Rebecca,Hooper,1985-11-17,hwerner@owens-dawson.info,"5775 Chad Alley, Tracyborough, WY 92238",8109900327
316,Angela,Castro,1944-07-15,villegasbrian@hotmail.com,"53600 Dawn Grove Suite 908, South Kathyland, OH 47287",2729106846
317,Dustin,Adams,1973-07-09,amycummings@yahoo.com,"42535 Megan Light, Anthonychester, RI 52968",2635538269
318,Catherine,Silva,1959-02-10,kkim@yahoo.com,"1739 Amber Curve Apt. 878, Austinland, OH 90956",4483059595
319,Zachary,Moyer,2000-11-01,qperkins@rosario.com,"905 Osborne Estates Suite 772, Gonzalezport, DE 71832",4650732515
320,Daniel,Joseph,1971-02-06,guy09@huerta.net,"2794 Mcdowell Ranch, New Sheilafort, SD 86382",6909130729
321,Michael,Reynolds,1967-08-06,joanhamilton@dixon.com,"64470 Michael Hill, North Sara, CT 14125",1034735485
322,Glen,Sanchez,1962-04-11,hclark@barton.com,"54925 Vanessa Rest, Aguilarside, ME 87886",8844705096
323,Dawn,Andersen,1975-07-19,srichards@davis-harvey.biz,"8270 Gross Isle, New Martin, CO 40472",7732924885
324,Tiffany,Hanson,1984-08-02,williamhall@morgan.com,"867 Kristin Burg Apt. 365, West Anthony, HI 51764",7726463265
325,Laura,Monroe,1957-10-25,turnerlisa@gordon.net,"76914 Garcia Place Apt. 008, Lyonsview, TN 94188",9204034465
326,Michael,Davis,1971-12-12,atkinsonkelly@yahoo.com,"1556 Edward Wells, New Kimberly, IN 59787",6956689397
327,Jon,Trujillo,1975-07-10,andersonnorman@yahoo.com,"226 Karen River Apt. 791, South Nicholastown, ID 26405",1532517000
328,Carrie,Jimenez,1956-05-16,awang@yahoo.com,"687 Kevin Mill, Smithton, MS 42242",3921910250
329,Scott,Smith,2001-11-16,wisejessica@hotmail.com,"04676 Stephanie Pike Suite 878, Shepherdburgh, NE 66847",3442148776
330,Elizabeth,Adkins,1977-01-25,bradleywalker@shaw.com,"286 Candice Bridge Suite 348, Averyville, UT 78138",8717442488
331,James,Jackson,1972-06-13,twilliams@hotmail.com,"Unit 7215 Box 2651, DPO AE 37306",9455664969
332,Thomas,Martinez,2001-01-02,mooreantonio@gmail.com,"184 Brent Plains Apt. 545, North Kenneth, IN 59280",2680993866
333,Ann,Ward,1963-12-25,toliver@gmail.com,"48495 Orr Rapid, Reidmouth, OH 33503",1837328479
334,Renee,Hernandez,1956-08-16,samantha79@hotmail.com,"90786 Meghan Square Apt. 491, Port Arthur, KY 07120",2628469347
335,Ian,Bray,1958-07-05,josephbrock@yahoo.com,"Unit 1635 Box 1050, DPO AE 31875",6698760566
336,Harold,Ferguson,1969-08-27,lisanorman@jackson.com,"0086 Megan Cape Apt. 368, East Cynthia, NY 32135",3445051352
337,Wanda,Collins,1998-03-11,tjohnson@blair-stevenson.com,"6180 Guy Via Suite 675, Singletonfort, HI 60653",6845760864
338,Jennifer,Barnes,1975-03-25,danielsmith@yahoo.com,"7558 Rice Spring Suite 371, Lauraberg, ND 72248",6292798865
339,Edward,Terrell,1984-12-04,moodysteven@cox.com,"474 Jared Tunnel Apt. 455, Kimberlyville, VA 75033",4973921188
340,Jeremy,Chavez,1985-02-01,lyoung@yahoo.com,"22072 Campos Shoal Suite 129, North Jason, NH 21916",9697766890
341,John,Scott,1960-01-20,ryanbailey@yahoo.com,"PSC 0540, Box 3726, APO AP 45923",7718821390
342,William,Glover,1989-10-26,zskinner@walker.net,"290 Dean Branch Suite 462, Lindseytown, ID 82761",6426334330
343,Cassidy,Taylor,1990-11-27,mcdonaldmichele@ayala-scott.info,"1765 Dyer Streets, Turnerland, MI 95063",7160145579
344,Timothy,Hanson,1963-06-04,donald86@bradley-armstrong.com,"8526 Marcus Station Apt. 424, Meganchester, NY 94400",5875732621
345,Joshua,Allen,1976-05-23,jsolis@sullivan.com,"2086 Glenn Passage Apt. 630, Matthewtown, LA 48965",9765554473
346,Maria,Peterson,1994-07-22,josephstephenson@haley-wagner.biz,"790 Brian Extensions, Pearsonfurt, IA 30516",7155857702
347,Elizabeth,Barber,2006-07-18,deanna52@poole.com,"52728 May Key Suite 250, Thomaston, IN 30500",9265931897
348,David,Torres,1965-07-30,zking@campbell.com,"38755 Kenneth Plain, Collinsville, MN 10041",4170693439
349,Mary,Moore,1974-05-03,rachel98@yahoo.com,"8729 Regina Ferry, North Melindaburgh, NE 89208",3934810123
350,Justin,Hill,1995-01-01,john08@nelson-chang.net,"94495 Edward Island, Michaeltown, NC 83753",9696408985
351,Jose,Walker,1962-04-18,blakeroberts@hansen-knight.biz,"1805 Brown Haven, Victormouth, NH 52997",5063939973
352,Megan,Washington,1989-01-31,johnvelez@yahoo.com,"22989 Bell Hill, Port John, DC 74310",4274265635
353,Tiffany,Le,1969-12-13,amy86@myers.com,"PSC 7003, Box 3610, APO AE 17195",2696905507
354,Terri,Jordan,1952-01-12,cheryldavis@cross.com,"75556 Ashley Trail Suite 511, Villarrealburgh, WY 28136",7617487402
355,Sarah,Potts,1948-02-08,gfisher@mahoney.org,"173 Aaron Ranch Suite 817, Port Karen, IA 09780",7414943057
356,Cheryl,Ward,2003-06-01,susanwilliams@mcdaniel.com,"77192 John Oval Apt. 634, East Lisa, AR 64604",8293185425
357,Brandon,Brown,1963-10-03,stephaniedominguez@hotmail.com,"993 Christie Mission, New Johnnyside, RI 85411",7984247927
358,Kimberly,Schmidt,1969-03-14,nathanielbridges@hotmail.com,"9357 Carter Cape Suite 030, Port Rosechester, MN 82144",5522550096
359,Lisa,Walker,1984-04-07,andrewrice@hotmail.com,"4132 Ashley Ramp, East Nicole, HI 99118",6359366371
360,Andrew,Harmon,1956-08-01,whitneychristopher@franklin.com,"99880 David Ford, Lake Meghanland, MT 02964",3022169569
361,Jeffery,Griffin,1992-02-09,bowensara@montgomery.com,"47178 Leah Tunnel Suite 707, South Katherinefurt, TN 42150",7895705293
362,Richard,Clark,1948-05-15,lflynn@yahoo.com,"6912 Paul Crest, West Victorside, KY 65247",2424637242
363,Justin,Wilson,1949-09-02,floydmelvin@gmail.com,"39322 Sarah Spring Suite 030, Johnsonborough, MT 85930",1980799038
364,Heather,Taylor,1993-10-29,james68@sanchez.com,"140 Jennifer Centers Apt. 068, North Johnview, AR 02985",9086694457
365,Jeffrey,White,1955-08-05,jacksonvargas@tanner.info,"84888 Dwayne Path Apt. 521, West Kimberlyside, AK 19850",2483523015
366,Michelle,Gomez,1985-12-11,zacharywilliams@gmail.com,"23096 Nichole Gardens, Port Anna, LA 36210",1291291287
367,Joseph,Harris,1999-05-11,srhodes@hebert.com,"640 Edward Vista, South Zachary, NH 81144",9517524241
368,Emily,Whitehead,1958-01-04,hfry@gmail.com,"8965 Foster Garden Suite 409, Adamsberg, MN 32073",8939526948
369,Michael,Pope,1976-12-30,efarrell@simpson.net,"3655 Robert Hill, East Nathan, CT 04593",5551617610
370,Samantha,Dean,1982-08-13,anthony43@hotmail.com,"151 Kimberly Union, North Curtistown, OH 84902",4329849459
371,Annette,Rodriguez,1992-01-01,jessicablair@bennett.info,"627 Williams Shoal Suite 868, Steventon, ND 51376",4446778463
372,Angela,Nelson,1982-10-24,dale12@lee-miller.info,"116 Amber Greens Apt. 382, Boltonshire, ME 08539",2915017600
373,Audrey,Brown,1973-09-23,xvazquez@chapman.info,"31594 Cassandra Causeway Apt. 272, Chambersmouth, GA 35785",1471444082
374,Melissa,Weaver,1959-12-08,syoung@butler.com,"9987 Kristen Crescent Suite 575, East Aaronmouth, SC 56358",5646209284
375,Melissa,Henderson,1986-08-26,jessicahicks@rogers-griffin.com,"USNS Graham, FPO AE 85424",6685959536
376,Ricardo,Vaughn,1989-08-10,fyoung@schneider.org,"87227 Jonathan Vista, West Edgar, CA 56509",9263886979
377,Anita,Montgomery,1994-02-28,gregorypeterson@dawson-tran.org,"5169 Moody Land, Nelsonborough, MS 74266",6699410107
378,Michael,Green,1957-07-28,mark83@rodriguez.com,"44440 Fuentes Cove, Port Kathleenfort, MS 54891",9557428162
379,Shirley,White,1990-10-13,maryharvey@munoz.biz,"162 Poole Crossroad, South Jeremyfurt, SC 73098",7739415985
380,Lisa,Thomas,1990-01-07,millertracy@mendez.biz,"72313 Mary Square, Lake Teresa, VT 09915",4326224165
381,David,Thomas,1999-11-21,zachary15@thomas.com,"729 Silva Via, Davidshire, HI 48518",6970299897
382,Laura,Mccann,1965-11-30,ortizjill@hotmail.com,"5557 Mcconnell Forges, Port Courtney, MD 38097",5038731474
383,John,Robles,1979-08-10,michael67@hotmail.com,"83046 Daniel Course Apt. 966, New Jenniferstad, TN 71043",2269892512
384,Laura,Shepard,1997-06-17,taylorkeith@powers.com,"4827 Woods Circle Apt. 413, Kellyside, CO 61729",1584077963
385,Crystal,Lynch,1976-03-22,aguilardavid@hotmail.com,"5702 Patrick Drive, Collinsmouth, ND 18894",2427030331
386,Ryan,Williams,1995-02-20,hallbrian@gmail.com,"364 Vargas Falls, Wattsborough, WY 22380",4456484461
387,Andrea,Guzman,1991-03-30,zimmermanfrederick@huff.info,"PSC 3340, Box 4399, APO AE 75116",2884672251
388,Meghan,Li,1991-04-09,ujohnson@rangel.com,"8319 Kelly Mount, South Carlosbury, OK 34558",9732579560
389,Gregory,Riley,2000-05-12,kimberly06@rodriguez.com,"15395 Stewart Mountains, Lake Maria, MN 16107",2877970837
390,Angela,West,1979-02-28,mariefranklin@knight.com,"9383 Samantha Knolls, South Mariafort, IA 84584",9672061653
391,Samuel,Galvan,2004-05-08,samuel91@yahoo.com,"871 Walker Squares, Port Katrina, MS 16666",2359832832
392,Christina,Jones,1968-05-18,charlesfrancis@chavez.info,"PSC 2083, Box 4101, APO AA 34899",2865408682
393,David,Mcgee,1959-10-05,jasmine15@hotmail.com,"4324 Garrett Rapid, Garciaberg, SD 55220",3215493447
394,Maria,Cook,1979-02-03,rodgersangela@lowe.org,"4894 James Corner, Monicaland, MA 84634",3879767243
395,Debbie,Rivera,1945-06-04,melanie64@gmail.com,"601 Johnson Mountains, Krystalstad, TN 74541",2993173929
396,Aaron,Cochran,1980-06-09,ruizjulie@morrison-gillespie.org,"677 Kelley Manor, Keithton, FL 44068",6531820040
397,Kimberly,Soto,1972-10-31,jenniferjohnson@gmail.com,"1080 Brandon Locks, North Susanborough, NJ 52264",6467886443
398,Jennifer,Johnson,1950-12-21,michael89@hotmail.com,"580 Anita Mall, Robertfort, SC 35013",9087112692
399,Katherine,Morrison,1959-09-25,beverly19@gmail.com,"9568 Anthony Square, East Jamesstad, SD 43571",3250342621
400,Phillip,Valentine,1953-06-22,karen86@mora.org,"5683 Lisa Port Suite 485, Billyton, DC 43292",4997281618
401,Stephanie,Hernandez,1946-07-25,kellycarrie@wall.org,"23476 Joshua Mill Apt. 964, Medinaside, MN 09951",7244549881
402,Evan,Johnson,1980-03-25,troy61@cantu-hamilton.com,"59821 Henry Burgs, West Joshuaton, LA 70216",3725771541
403,Mark,Austin,1971-03-09,parkronald@johnson-ortega.net,"51012 Tiffany Canyon, Shermanfurt, IN 62466",1732225002
404,Michael,Cabrera,1968-02-14,gbarber@hotmail.com,"USNV Edwards, FPO AA 03716",2167988293
405,Glenda,Barr,1960-04-09,paulweaver@ritter.org,"PSC 5281, Box 0911, APO AE 54414",3702265249
406,Alyssa,Rogers,1967-09-30,scottkristine@yahoo.com,"03494 Johnson Plain, Johnstontown, RI 08277",4405084298
407,Tamara,Payne,1947-11-08,jessica49@scott.com,"078 Wright Mission, Rachelport, NY 31155",5261567696
408,Jeffrey,Kirk,1995-02-16,jamessmith@hogan.info,"3285 Brian Ways, West Brianport, MS 82857",1096709073
409,Stephen,Clark,1984-03-14,garciamichael@yahoo.com,"7473 Vasquez Motorway, Franklinstad, HI 61537",1850829036
410,Gregory,Lin,1971-12-19,johnlittle@yahoo.com,"USNV Sanchez, FPO AP 62084",7522979481
411,Wesley,Sloan,1957-11-17,nlambert@hotmail.com,"0650 Willis Fields Apt. 507, Port Shelbyborough, NM 27721",4393658882
412,Francisco,Delgado,1975-01-17,angela66@vaughn.com,"880 Cody Landing Apt. 409, Lake William, OR 92641",7962936385
413,Michelle,Jones,1976-03-08,garciacorey@bennett.com,"36629 Carlos Unions Apt. 895, Hurstport, MT 06900",2280423041
414,Deanna,Howell,1978-03-13,jamieallen@gmail.com,"2888 Alyssa Passage Apt. 562, Ariasberg, NJ 06166",3299771723
415,Paula,Gomez,1970-08-16,kyoung@cordova.com,"306 Julia Heights, Mayerchester, UT 92454",8650537658
416,John,Orozco,1965-05-13,marshalexandra@gmail.com,"1197 Arroyo Corner, Riveratown, CA 45956",8639302350
417,Steven,Chang,1953-05-16,michellemiller@thomas.info,"93711 Alan Court, South Zachary, TN 11933",9907150928
418,Elizabeth,Choi,2004-04-03,carolyn07@spencer.com,"33307 Watson Ferry Suite 594, South Robertside, MT 56863",6199735319
419,Elizabeth,Marshall,1990-03-04,quinnmary@jones.com,"07881 Cisneros Courts Apt. 031, East Matthewberg, WI 67178",4899170373
420,Taylor,Andrews,1971-10-14,whoffman@gmail.com,"121 Jeanne Junction, Smithfurt, AZ 16143",7863678036
421,Russell,Rivera,1950-09-01,brandonmoore@hotmail.com,"13799 Chambers Mews Suite 635, Port Anthony, OR 89662",8205079701
422,Ashley,Soto,1950-09-30,matthewcurry@gmail.com,"401 Robert Village Apt. 338, Feliciaton, TX 86066",1742963562
423,Jose,Smith,1978-08-13,amanda34@yahoo.com,"497 Wood Neck, North Thomas, MS 77471",4559289396
424,Barbara,Kelley,1968-04-25,moraleslisa@yahoo.com,"097 Joshua Crescent Apt. 289, Houstonmouth, KY 11516",3580152813
425,Donna,Montgomery,1974-02-18,rgonzalez@mccormick.org,"0799 Jade Lodge, Williamstad, NY 76182",7880604147
426,Jennifer,Wilkinson,1952-12-20,awilliams@meyer-white.com,"1118 Sheppard Island, Westfurt, GA 25105",6927910164
427,Michael,Johnson,1955-08-22,aguilarmatthew@gmail.com,"3726 Williams Locks, Port Williamshire, NE 28362",4996949945
428,Tanya,Willis,1946-04-11,grahamvictoria@martin.com,"81909 Michael Prairie, South Brittanyview, WV 75356",7405180309
429,Jacob,Edwards,1971-01-14,karen24@yahoo.com,"0220 Mcknight Mission, New Ebonybury, MA 21134",5625458603
430,Patrick,Coleman,1954-06-24,rogerandrews@silva.org,"9554 Jones Trafficway Suite 811, North Donnaport, WI 48304",8619584514
431,Stacy,Smith,1950-01-08,spencerneil@yahoo.com,"57119 Pamela Place, Autumnburgh, NJ 70192",2875031326
432,Rita,Hopkins,2004-06-15,oarroyo@hotmail.com,"17956 Cameron Mountains, Adamsfurt, RI 79517",6937939473
433,Kelly,Kelly,1968-03-27,jstanton@gmail.com,"397 Patrick Vista Suite 768, Carlsonton, CT 12565",1483647983
434,Daniel,Robinson,1996-08-26,julie30@wolf.com,"1095 Gonzalez Haven, Jenniferview, CT 78420",4657523668
435,Joseph,Weber,1976-03-29,savageangela@yahoo.com,"6425 Lopez Bypass Suite 340, South Stephen, IL 28087",5057323850
436,Alex,Yoder,1975-12-11,apeterson@hotmail.com,"3060 Webb Ports Apt. 964, East Elizabeth, NC 85850",9392535649
437,Joshua,Francis,2001-05-26,amandascott@gmail.com,"58556 Ryan Lodge, Jennifertown, KY 91486",7075326076
438,Donna,Salinas,1946-06-18,kristen81@fischer.com,"55312 Bates Extension Suite 472, West Jimmyville, MA 75824",7814909976
439,Candice,Frederick,1985-02-02,taylor54@gmail.com,"0404 Huffman Islands, North Douglas, AL 44101",8900472536
440,Matthew,Nichols,1949-02-26,jenniferscott@fox.net,"11711 Rachel Via, Kenthaven, IA 62426",9087743403
441,Dennis,Johnson,1963-03-07,kennethkelley@yahoo.com,"17627 Caitlin Villages, Port Jessicaberg, SC 44338",5061550007
442,Stacy,Wilcox,1985-02-20,hardingdenise@palmer.com,"4137 Scott Union, New Mark, RI 33715",8861421260
443,Gina,Horton,1955-04-01,zfrank@yahoo.com,"1086 Tyler Knolls, East Stephanie, WV 15615",5329512326
444,Laura,Sanders,1958-10-03,wendygreen@campbell.net,"263 Caitlin Field, Emilyborough, CT 94470",3963314190
445,Veronica,Holland,1985-07-09,sanfordjeremy@yahoo.com,"1900 Tiffany Ville Apt. 617, New Toddton, WI 11818",2698110259
446,Steve,Miller,1948-11-21,cynthia63@hotmail.com,"31908 Cesar Burg, Lake Michealmouth, KY 72608",1095223520
447,Kimberly,Kim,1980-01-05,davenportfrancisco@jones.com,"92150 Michael Streets Suite 661, Calderonland, AL 31611",1824405410
448,Christina,Collins,1994-10-15,umedina@roberts.com,"8349 Key Tunnel, Richardton, WA 59659",2765187166
449,Edward,Webster,1988-05-11,dixonbreanna@salinas.info,"011 Harris Bridge Apt. 974, Nicolebury, WA 36316",3369595685
450,Jacqueline,Jordan,1955-11-03,christophergarcia@yahoo.com,"279 Ashley Vista, Lake Erin, CT 82762",6674971123
451,Jonathan,Lee,1992-06-18,evandavis@watson.org,"4005 Brian Overpass, Shelbystad, AR 63745",3355639797
452,Michael,Porter,1987-04-26,odomscott@gardner-sanchez.com,"5180 Jose Harbor, Denisestad, MN 41007",9127306427
453,Martin,Bowen,1974-07-12,sleon@rodriguez.com,"45132 Smith Island, Brendachester, NV 64525",7851402511
454,Amanda,Powell,1955-07-19,angierobinson@yahoo.com,"2078 Raven Cliffs Suite 373, Masseyburgh, FL 89900",5347342576
455,Manuel,Green,1956-07-28,butlerjames@hotmail.com,"1110 Nelson Radial Suite 582, South Coreyburgh, TN 97427",3960883062
456,Tina,Curry,2006-12-09,toddballard@lopez.info,"PSC 7436, Box 3585, APO AA 06129",9532699443
457,Samuel,Kelly,1980-10-08,owright@rodriguez-walker.org,"02024 Navarro Causeway Apt. 809, West Justin, DC 21061",3924403485
458,Dustin,Miles,1962-05-02,codywright@hotmail.com,"USS Figueroa, FPO AE 19719",2831172893
459,Rachel,Thomas,1994-06-23,elizabeth16@hotmail.com,"PSC 0029, Box 6550, APO AP 46601",9702270501
460,Elizabeth,Diaz,1985-08-14,marcus53@hotmail.com,"68666 Watkins Brook, South Colleenchester, OK 63598",9809229622
461,John,Vang,2001-05-26,esmith@hotmail.com,"3172 Cassandra Run Suite 672, Port Abigailmouth, RI 16047",3804050773
462,Mark,Callahan,1986-01-05,kjohnson@hotmail.com,"031 Roth Glens Suite 765, South Coreymouth, AL 34218",8584349933
463,Spencer,Fisher,1966-09-04,ggarcia@yahoo.com,"22982 Nancy Oval, South David, MD 39910",4687033233
464,Steven,Boone,1975-01-01,mbarr@gmail.com,"1927 Robert Mountain, New Eric, WY 42708",5500809962
465,Kayla,Martin,1997-02-09,williamramirez@mcintyre.com,"724 Monroe Crossroad, South David, MT 11927",3703882697
466,Candace,Washington,1993-07-06,edward81@watkins-flores.biz,"5170 Oneal Club Apt. 918, East Donnaland, SC 27407",9429104314
467,Gregory,Bautista,2000-03-08,randall51@gmail.com,"94698 Davis Ports, North Steven, ID 98979",6594467474
468,Brett,Carlson,1954-01-22,bellmelanie@hotmail.com,"5686 Bailey Glens, Lake Darren, UT 53799",3873622718
469,Charles,Davis,1959-01-09,wrightkenneth@hotmail.com,"102 Anthony Wall, Floresborough, MI 31007",6598209239
470,Katherine,Miller,1973-04-11,bridgesjoseph@johnson.com,"83770 Guzman Route, Walkerbury, NJ 66494",8414371168
471,Eric,Nguyen,1965-04-21,fhayes@nguyen.org,"513 Price Cape, Harrisshire, IA 86447",3973138227
472,Daniel,Alvarado,1961-12-07,fritzcharles@hotmail.com,"87184 Christopher Station, Stacyport, OK 11866",9263574164
473,Francisco,Morrow,1978-01-19,kimberlywalker@allison.info,"115 Morrison Crossing Suite 553, Coreymouth, MA 46858",8403296031
474,Christina,Miller,1978-09-21,robert10@roberson.com,"745 Moore Centers, Maryside, OR 16234",4792216194
475,David,Thomas,1974-04-18,gonzalezkylie@douglas.com,"8003 Cruz Garden, East James, ME 67688",1182864062
476,Janet,Hampton,2004-10-09,thomasmelissa@yahoo.com,"473 Potter Green, Lisastad, IA 71102",4216362899
477,Jason,Jefferson,1983-03-04,ryan37@gmail.com,"9527 Kristen Course Suite 947, West Alyssaside, NC 43603",1566600367
478,Michael,Ortega,1945-03-28,theodorethompson@yahoo.com,"PSC 1046, Box 2860, APO AP 57094",9098773302
479,Bonnie,Simpson,1996-02-06,clowery@yahoo.com,"543 Craig Bridge, Davisstad, MA 39792",7762238996
480,Nicholas,Parker,1976-04-11,katrinavasquez@gmail.com,"PSC 2344, Box 9294, APO AE 84746",6908499615
481,Sarah,Jackson,1997-12-06,kristen24@yahoo.com,"959 Kayla Locks Suite 819, Gordonview, FL 84359",5567419396
482,John,Sanders,2006-04-13,dmorris@yahoo.com,"321 Leah Stravenue Apt. 650, Pughmouth, DC 88716",8922430221
483,Shaun,Warren,1954-05-10,bmorales@ward.org,"6324 Stephanie Ports, West Justinhaven, GA 52673",1536960480
484,Dillon,Thomas,1977-10-26,richard52@olson.com,"942 Lawson Estates, West Nathan, GA 77913",8818993708
485,Michael,Smith,1980-05-12,gallagherjoshua@hotmail.com,"4311 Angela Hill, Murphyfurt, MA 22451",9905695807
486,Emily,Gonzalez,1956-11-06,jason96@savage.com,"10185 Kyle Rapid, Cristinaside, AK 64249",8780752014
487,Lawrence,Mitchell,2006-11-22,james06@douglas-werner.org,"01992 Nicole Centers Suite 399, New Timothy, UT 48372",1607044775
488,Samuel,Jones,1994-10-16,brianna09@hotmail.com,"4026 Melissa Trafficway, Jeremymouth, MN 19897",4599917277
489,Allen,Ward,1989-04-15,casey49@gmail.com,"0953 Sarah Knolls, Whitetown, WI 06754",7144897064
490,Michael,Johnson,1995-12-13,christophermatthews@elliott.org,"10437 Kyle Estate, North Katherineburgh, GA 85939",3985484764
491,Andrew,Williamson,1969-03-17,victoria45@simon.com,"USNS Hall, FPO AP 48673",7133764059
492,Teresa,Johnson,2000-07-05,spencerlisa@gmail.com,"3522 Paul Heights, Tonyabury, CA 21754",4888687007
493,Curtis,Rhodes,1974-01-17,rachaelenglish@hotmail.com,"28655 Jessica Corner Apt. 884, North Heather, MN 13093",9696867557
494,Traci,Simmons,1949-09-09,richardsonvictoria@hotmail.com,"5026 Salinas Vista, South Rachelport, FL 10434",7584733802
495,David,Gutierrez,2005-03-23,jessica17@oneill.info,"USCGC Nelson, FPO AE 72614",6322720939
496,Paul,Harris,1998-12-16,jason65@morales.com,"45215 Thompson Summit, North Mark, LA 11454",3742686481
497,Stephanie,Spencer,1973-10-08,vancebrittany@martinez.net,"119 Brenda Hollow Apt. 115, West Michael, KY 49478",3458743986
498,Shawn,Singh,1994-02-04,gabrielmorales@hunt.com,"5803 Anthony Plain, Montoyatown, MT 53314",1456543491
499,Jacob,Morrison,1965-07-21,parrishheidi@olsen.com,"493 Miller Village, Michaelside, NV 99768",1268950012
500,Rose,Dawson,1978-12-16,lgarrett@gmail.com,"671 Woods Springs, Cookfort, TX 85725",4778341612
