change_id,user_id,user_credential_id,change_type,old_value,new_value,change_timestamp
1,183,481,Username_Change,everything,sign,2024-02-08 11:55:36
2,259,105,Password_Change,event,house,2024-09-05 03:33:12
3,431,319,Username_Change,last,same,2023-02-28 03:09:23
4,76,438,Password_Change,economic,stop,2020-11-08 19:39:54
5,112,167,Password_Change,summer,fight,2022-06-28 08:09:18
6,142,9,Username_Change,civil,action,2020-01-17 10:58:57
7,21,155,Username_Change,test,vote,2020-06-15 00:36:12
8,321,216,Password_Change,yard,education,2021-03-27 13:29:24
9,130,238,Password_Change,which,respond,2021-05-23 03:47:04
10,210,161,Password_Change,commercial,usually,2023-06-05 07:33:00
11,286,158,Username_Change,political,hold,2022-10-24 00:36:40
12,253,416,Password_Change,actually,less,2020-08-04 12:54:28
13,80,327,Password_Change,happen,thought,2020-10-17 14:19:41
14,120,81,Password_Change,south,field,2022-11-29 09:35:00
15,83,11,Password_Change,bed,bed,2023-06-15 08:12:46
16,50,221,Username_Change,late,affect,2021-06-04 00:24:18
17,432,323,Password_Change,modern,choice,2021-01-10 06:40:14
18,145,200,Username_Change,despite,form,2023-10-05 18:15:03
19,465,130,Username_Change,hear,expect,2020-06-12 21:31:48
20,55,475,Username_Change,admit,American,2020-01-30 04:35:31
21,265,208,Username_Change,produce,it,2020-04-26 06:36:06
22,475,468,Password_Change,career,soldier,2023-02-28 05:42:53
23,302,310,Username_Change,claim,response,2024-09-03 23:30:21
24,156,436,Username_Change,air,under,2024-06-17 13:54:50
25,491,399,Password_Change,increase,color,2021-03-09 17:41:55
26,279,472,Username_Change,national,model,2020-05-28 15:55:14
27,81,66,Username_Change,wind,similar,2020-06-13 15:10:24
28,69,454,Username_Change,walk,western,2023-12-24 18:10:36
29,462,83,Username_Change,challenge,protect,2024-06-28 10:30:02
30,191,151,Username_Change,country,thing,2024-08-12 01:52:34
31,433,116,Username_Change,we,information,2021-12-22 11:57:10
32,14,292,Password_Change,citizen,another,2023-04-30 11:27:32
33,67,25,Username_Change,fund,model,2021-05-07 12:17:15
34,11,350,Username_Change,spring,soon,2023-07-25 19:50:43
35,384,96,Username_Change,in,data,2024-01-29 13:31:54
36,58,439,Username_Change,police,official,2022-02-06 11:08:41
37,33,297,Username_Change,billion,heart,2024-08-13 08:29:01
38,243,426,Username_Change,direction,front,2021-09-03 18:41:11
39,497,373,Username_Change,body,less,2024-06-27 16:09:26
40,211,14,Password_Change,detail,conference,2022-05-29 02:06:44
41,116,323,Password_Change,range,international,2024-10-23 08:17:10
42,182,202,Username_Change,we,talk,2020-12-30 09:03:05
43,147,295,Password_Change,college,serve,2023-07-03 04:28:42
44,138,478,Password_Change,billion,deep,2024-01-15 02:50:49
45,154,438,Username_Change,nation,road,2022-01-16 08:36:51
46,335,288,Password_Change,attention,sister,2024-11-20 14:45:25
47,82,118,Username_Change,scene,door,2021-09-07 19:31:50
48,62,47,Password_Change,society,door,2020-06-05 16:09:59
49,307,126,Password_Change,whether,toward,2021-10-23 07:04:41
50,314,292,Password_Change,far,black,2020-02-24 05:14:00
51,405,211,Password_Change,south,smile,2023-07-14 12:11:40
52,295,197,Password_Change,part,something,2024-06-05 18:00:47
53,238,220,Username_Change,suggest,write,2022-07-28 04:56:37
54,48,375,Password_Change,new,ago,2024-04-03 16:10:33
55,396,118,Password_Change,spring,attack,2022-06-04 20:41:30
56,261,19,Username_Change,very,bad,2023-05-09 18:08:47
57,384,232,Username_Change,free,finish,2020-01-11 18:24:06
58,192,134,Password_Change,building,Republican,2024-09-13 16:39:07
59,150,175,Password_Change,size,career,2023-09-17 12:05:00
60,391,149,Username_Change,raise,wide,2023-02-25 07:49:49
61,358,331,Password_Change,never,themselves,2020-03-10 01:35:11
62,209,483,Password_Change,national,seek,2023-08-25 02:53:37
63,176,185,Username_Change,edge,discover,2020-09-17 02:06:40
64,218,35,Password_Change,spring,education,2020-11-21 21:44:28
65,174,258,Password_Change,someone,manage,2023-01-23 15:55:39
66,227,4,Password_Change,particularly,dog,2020-12-17 20:29:39
67,451,20,Username_Change,almost,if,2022-10-25 07:35:37
68,364,432,Password_Change,interview,phone,2021-02-27 02:56:35
69,419,278,Password_Change,along,kind,2024-09-09 05:44:01
70,441,148,Password_Change,keep,arrive,2023-12-25 21:45:18
71,43,432,Password_Change,real,think,2022-02-25 12:19:06
72,418,148,Password_Change,matter,question,2023-05-04 15:54:05
73,421,448,Password_Change,fall,music,2020-12-07 20:47:56
74,4,435,Password_Change,until,deal,2022-03-17 11:40:24
75,371,118,Password_Change,push,maybe,2021-08-14 23:00:14
76,218,190,Username_Change,who,increase,2022-03-29 14:53:56
77,387,19,Password_Change,away,benefit,2023-07-21 15:38:34
78,355,151,Password_Change,her,serious,2024-02-08 15:37:36
79,433,48,Password_Change,behavior,off,2024-08-02 17:09:02
80,186,494,Password_Change,purpose,really,2024-01-26 23:58:13
81,476,497,Username_Change,evening,ability,2023-07-28 12:51:00
82,82,160,Password_Change,space,current,2021-07-09 13:45:56
83,295,466,Password_Change,happy,he,2022-09-07 02:02:41
84,191,224,Username_Change,father,not,2024-12-15 12:17:20
85,293,232,Username_Change,lay,tree,2022-07-23 03:56:54
86,226,344,Username_Change,seem,end,2024-05-19 14:23:07
87,45,7,Password_Change,owner,remain,2021-10-29 01:31:48
88,395,352,Username_Change,job,area,2023-01-08 22:18:16
89,192,151,Password_Change,go,rise,2021-07-24 14:32:15
90,463,416,Username_Change,man,be,2024-05-17 13:32:37
91,408,422,Username_Change,reach,design,2022-10-02 03:55:32
92,167,392,Username_Change,surface,world,2024-11-04 00:01:45
93,265,492,Username_Change,investment,participant,2023-09-23 17:27:42
94,18,88,Username_Change,ability,maintain,2020-09-01 14:18:46
95,357,132,Password_Change,picture,individual,2020-10-08 11:14:27
96,136,57,Username_Change,no,decade,2024-01-28 20:31:10
97,64,356,Password_Change,around,door,2021-02-27 11:57:33
98,128,364,Password_Change,stage,Mrs,2021-06-22 11:29:09
99,148,240,Username_Change,mention,yourself,2023-06-03 19:33:49
100,30,29,Password_Change,move,institution,2022-02-01 20:08:56
101,368,42,Password_Change,few,economic,2023-03-03 11:59:02
102,270,367,Username_Change,phone,form,2022-06-05 02:23:44
103,402,181,Username_Change,operation,level,2024-04-06 17:06:29
104,304,466,Username_Change,walk,buy,2023-08-20 08:49:51
105,110,246,Password_Change,turn,drop,2022-10-12 23:06:09
106,28,359,Username_Change,least,country,2021-06-08 04:07:26
107,365,351,Password_Change,western,daughter,2023-06-17 13:20:19
108,269,399,Password_Change,dream,strong,2022-11-01 03:27:52
109,34,162,Username_Change,together,six,2023-09-17 11:52:03
110,442,76,Password_Change,type,want,2024-05-21 14:26:49
111,386,147,Password_Change,buy,the,2022-01-07 02:47:07
112,52,13,Password_Change,form,realize,2024-06-22 07:16:57
113,451,245,Password_Change,resource,idea,2020-11-25 09:02:54
114,111,149,Password_Change,memory,management,2023-09-26 12:12:46
115,383,398,Username_Change,could,early,2021-09-26 21:58:54
116,253,376,Password_Change,form,course,2021-10-21 16:12:23
117,275,35,Username_Change,question,agreement,2023-10-03 06:57:06
118,278,164,Username_Change,movement,son,2023-04-07 08:48:05
119,421,127,Password_Change,simply,continue,2024-06-04 01:52:12
120,113,196,Username_Change,voice,purpose,2020-06-18 16:38:06
121,24,86,Password_Change,source,wear,2023-04-05 06:07:58
122,176,75,Username_Change,could,important,2021-08-14 08:20:39
123,98,181,Password_Change,itself,director,2020-05-01 02:31:21
124,135,276,Username_Change,leg,drop,2020-08-25 18:24:58
125,243,176,Password_Change,reflect,ball,2022-02-18 19:36:11
126,449,89,Password_Change,hard,pull,2022-09-11 09:33:23
127,289,458,Username_Change,energy,drug,2022-09-18 14:24:45
128,414,411,Password_Change,small,left,2020-05-14 08:12:05
129,47,54,Username_Change,training,wait,2022-10-26 21:03:44
130,127,14,Username_Change,again,energy,2020-02-20 04:24:09
131,138,305,Username_Change,daughter,speech,2023-06-12 01:50:02
132,4,150,Password_Change,seek,real,2020-12-10 12:49:13
133,22,182,Username_Change,serve,prepare,2024-11-20 16:08:21
134,33,14,Username_Change,agency,itself,2020-09-22 14:34:00
135,272,63,Username_Change,until,whom,2022-04-13 15:17:57
136,106,208,Password_Change,hard,dream,2020-06-10 22:12:36
137,38,172,Username_Change,increase,debate,2021-09-09 08:38:15
138,490,2,Username_Change,important,different,2022-01-05 10:19:26
139,35,121,Password_Change,inside,until,2020-10-08 01:41:29
140,370,330,Password_Change,organization,religious,2021-02-27 16:03:11
141,111,36,Password_Change,size,generation,2022-06-08 18:27:43
142,357,98,Username_Change,family,peace,2024-03-19 18:43:48
143,252,479,Username_Change,trip,artist,2024-07-03 20:12:59
144,292,144,Password_Change,bill,top,2021-07-26 05:58:27
145,166,472,Username_Change,quickly,international,2022-04-17 15:29:02
146,440,117,Username_Change,least,office,2024-03-26 01:18:20
147,266,215,Username_Change,which,too,2020-09-25 15:33:52
148,255,155,Username_Change,nearly,bad,2023-06-03 08:50:28
149,216,356,Password_Change,rather,method,2024-03-29 00:58:29
150,449,110,Password_Change,after,day,2023-04-18 11:38:11
151,25,498,Username_Change,indeed,ago,2020-01-19 16:04:18
152,184,150,Username_Change,message,behind,2024-09-24 19:58:03
153,210,322,Username_Change,clearly,range,2020-12-08 23:49:16
154,466,203,Username_Change,focus,rate,2024-03-25 13:43:39
155,186,310,Password_Change,another,skin,2020-06-03 03:29:00
156,187,336,Username_Change,where,general,2020-10-16 15:53:27
157,478,82,Password_Change,agent,this,2021-05-16 07:13:49
158,499,422,Password_Change,born,itself,2024-11-22 12:30:29
159,174,204,Password_Change,indicate,office,2024-06-27 11:52:54
160,54,91,Password_Change,company,old,2020-03-05 19:56:03
161,101,309,Username_Change,service,section,2023-03-31 07:46:08
162,107,136,Username_Change,since,practice,2023-06-17 23:37:23
163,396,165,Password_Change,everybody,guy,2020-06-16 06:49:12
164,96,80,Password_Change,seem,including,2020-06-21 07:25:24
165,148,234,Username_Change,staff,possible,2022-02-07 02:10:09
166,339,129,Username_Change,future,size,2024-08-12 15:18:58
167,478,469,Username_Change,return,production,2022-07-14 22:07:49
168,181,321,Username_Change,oil,evidence,2023-05-19 21:41:28
169,347,217,Username_Change,front,fall,2022-05-17 06:09:50
170,234,123,Password_Change,majority,particular,2020-02-07 17:33:22
171,163,41,Password_Change,door,continue,2021-06-07 10:43:57
172,141,191,Username_Change,enter,sport,2023-04-29 23:36:56
173,217,424,Username_Change,key,statement,2021-04-09 07:47:39
174,250,315,Username_Change,this,already,2021-06-23 09:36:56
175,269,458,Password_Change,improve,order,2021-01-07 17:54:51
176,204,132,Password_Change,possible,usually,2023-01-21 05:31:37
177,78,126,Password_Change,employee,avoid,2024-07-09 13:58:05
178,32,129,Username_Change,heart,concern,2023-10-20 06:01:00
179,315,211,Username_Change,family,they,2020-04-22 11:13:35
180,468,371,Username_Change,big,daughter,2023-05-25 16:54:26
181,14,389,Password_Change,ask,almost,2021-10-08 03:56:32
182,244,242,Username_Change,I,until,2021-06-15 19:47:21
183,100,427,Username_Change,million,word,2023-12-16 17:34:14
184,310,469,Password_Change,adult,main,2021-11-28 06:04:24
185,475,431,Username_Change,community,method,2022-11-26 08:45:28
186,496,171,Username_Change,owner,top,2020-06-04 19:40:16
187,67,26,Username_Change,television,deep,2020-03-12 03:01:26
188,351,485,Username_Change,account,possible,2022-12-27 11:05:34
189,27,274,Password_Change,physical,speak,2024-12-11 18:48:22
190,396,86,Username_Change,pass,enjoy,2020-06-10 15:23:01
191,450,490,Password_Change,hospital,audience,2020-06-10 20:00:05
192,54,34,Password_Change,voice,sound,2020-12-22 04:48:16
193,234,202,Password_Change,phone,how,2023-09-13 00:57:56
194,285,445,Password_Change,this,wear,2021-07-07 06:01:24
195,83,187,Password_Change,another,wind,2023-10-12 08:49:15
196,274,79,Username_Change,former,citizen,2020-07-19 06:08:25
197,165,336,Password_Change,yeah,office,2024-02-08 08:32:18
198,396,331,Username_Change,health,remember,2023-07-01 14:26:12
199,428,360,Password_Change,well,explain,2023-07-20 07:57:07
200,226,16,Username_Change,big,cold,2022-12-23 15:14:08
201,361,151,Username_Change,break,live,2021-12-25 23:06:38
202,55,365,Password_Change,member,forward,2022-03-02 05:09:08
203,134,422,Username_Change,find,minute,2024-11-21 13:10:05
204,451,95,Password_Change,soldier,compare,2020-12-06 01:33:42
205,355,207,Password_Change,able,nearly,2022-12-18 11:45:31
206,218,132,Password_Change,relate,president,2020-03-16 09:06:20
207,16,259,Password_Change,sort,beat,2024-05-25 12:03:27
208,348,229,Password_Change,continue,indeed,2020-04-09 10:42:15
209,30,61,Password_Change,send,trade,2021-11-13 03:16:49
210,230,295,Password_Change,today,piece,2021-11-03 07:21:04
211,364,266,Username_Change,why,not,2022-10-05 06:41:35
212,127,110,Username_Change,artist,new,2020-03-24 10:58:06
213,441,447,Password_Change,himself,population,2022-01-30 19:57:32
214,322,109,Username_Change,shake,forward,2022-07-30 13:22:21
215,412,94,Username_Change,that,full,2023-04-11 12:00:43
216,93,342,Password_Change,important,simply,2023-10-07 04:50:33
217,246,45,Username_Change,shoulder,great,2023-12-09 00:40:27
218,370,302,Password_Change,others,approach,2021-08-12 19:49:12
219,458,487,Password_Change,this,century,2022-08-25 03:03:19
220,359,146,Username_Change,about,professional,2021-05-01 21:35:15
221,474,41,Username_Change,fund,provide,2020-08-18 06:19:44
222,190,66,Password_Change,simply,figure,2022-07-07 19:10:15
223,419,454,Password_Change,role,talk,2023-06-03 08:13:48
224,415,330,Password_Change,fine,yes,2021-12-22 10:25:14
225,14,28,Username_Change,yard,state,2024-06-22 02:43:23
226,500,396,Username_Change,his,allow,2021-05-29 10:56:15
227,193,246,Password_Change,world,season,2021-01-15 01:49:28
228,157,492,Password_Change,serious,begin,2023-09-22 02:49:43
229,97,386,Password_Change,ago,course,2024-08-30 03:24:45
230,163,171,Username_Change,name,listen,2020-12-01 06:29:26
231,98,262,Password_Change,three,idea,2024-07-26 07:21:17
232,9,417,Password_Change,north,set,2024-04-12 05:07:20
233,329,40,Password_Change,likely,work,2020-12-05 05:08:14
234,160,120,Password_Change,smile,card,2022-02-03 23:16:38
235,140,499,Username_Change,wish,whose,2022-08-14 10:18:51
236,479,5,Password_Change,remember,far,2023-08-07 02:06:55
237,285,269,Username_Change,continue,yes,2023-02-04 02:01:58
238,319,26,Password_Change,beat,often,2022-08-25 01:30:37
239,271,350,Username_Change,church,quickly,2022-06-01 16:57:57
240,399,500,Password_Change,as,check,2024-12-15 19:34:29
241,217,251,Password_Change,happy,order,2021-10-15 06:31:44
242,100,260,Password_Change,ready,statement,2020-02-22 04:21:07
243,159,137,Password_Change,chair,spring,2024-12-24 09:09:30
244,91,90,Username_Change,wall,will,2024-08-11 19:45:26
245,484,112,Password_Change,much,middle,2021-11-16 11:08:11
246,81,257,Username_Change,do,traditional,2022-03-06 00:08:31
247,152,174,Username_Change,window,case,2024-06-14 18:13:18
248,389,449,Password_Change,any,today,2020-04-18 21:21:53
249,482,290,Password_Change,resource,mouth,2022-03-27 23:10:39
250,261,175,Password_Change,address,food,2023-07-31 00:35:35
251,260,248,Password_Change,head,ago,2023-11-19 04:16:38
252,143,304,Username_Change,yourself,describe,2021-08-31 17:25:15
253,444,352,Username_Change,human,so,2022-12-18 23:25:03
254,43,314,Username_Change,size,agreement,2022-08-03 08:24:52
255,373,428,Password_Change,use,always,2020-09-19 10:09:36
256,220,304,Password_Change,nothing,foreign,2024-11-29 13:07:47
257,30,253,Username_Change,character,let,2021-06-04 11:23:24
258,191,54,Username_Change,continue,major,2022-11-19 12:40:49
259,360,283,Password_Change,successful,hold,2023-10-21 17:01:21
260,141,14,Username_Change,around,simple,2023-09-20 10:49:29
261,384,25,Username_Change,wait,series,2020-07-26 14:15:21
262,137,442,Username_Change,only,particularly,2021-01-10 19:16:28
263,330,138,Password_Change,woman,personal,2020-04-11 20:04:08
264,131,93,Username_Change,land,rate,2022-03-03 17:09:36
265,318,299,Password_Change,upon,report,2023-05-21 10:08:59
266,58,414,Username_Change,something,thousand,2022-04-12 00:42:41
267,485,328,Username_Change,decide,seat,2024-08-01 21:59:37
268,490,341,Username_Change,lawyer,point,2020-06-05 21:56:24
269,59,142,Password_Change,morning,unit,2020-04-25 22:34:36
270,135,37,Username_Change,off,everyone,2022-04-19 19:44:25
271,217,2,Password_Change,director,save,2023-05-26 15:55:07
272,225,163,Username_Change,Mr,individual,2024-01-15 12:59:01
273,35,176,Password_Change,among,world,2021-01-18 18:23:29
274,463,171,Username_Change,wide,good,2020-10-29 23:29:05
275,214,440,Password_Change,nature,small,2021-12-26 15:35:30
276,24,222,Password_Change,example,simply,2020-01-11 16:56:52
277,429,355,Username_Change,head,deep,2024-04-02 15:25:10
278,415,188,Password_Change,range,safe,2021-12-12 05:16:32
279,115,281,Username_Change,cultural,recently,2024-08-23 02:10:05
280,76,35,Password_Change,behind,speak,2023-05-31 09:37:38
281,188,418,Password_Change,key,business,2020-06-08 22:31:16
282,306,392,Username_Change,run,surface,2021-03-06 11:08:34
283,156,443,Username_Change,sound,worker,2024-02-27 01:39:55
284,43,366,Password_Change,break,accept,2020-11-27 17:56:38
285,213,418,Username_Change,art,treatment,2021-12-11 01:01:21
286,175,360,Username_Change,its,but,2024-04-15 10:22:52
287,277,193,Password_Change,well,budget,2024-12-21 13:04:54
288,481,378,Username_Change,lawyer,will,2024-09-02 12:32:17
289,68,176,Password_Change,something,trial,2024-07-19 08:08:13
290,227,173,Username_Change,next,ten,2021-12-09 20:14:45
291,417,246,Username_Change,fine,table,2022-07-10 08:39:01
292,129,438,Username_Change,area,step,2021-03-25 06:48:07
293,238,346,Username_Change,particular,economic,2024-01-06 13:14:43
294,330,112,Username_Change,tonight,front,2021-04-08 04:16:09
295,366,216,Username_Change,serve,happen,2024-12-20 06:02:41
296,500,289,Password_Change,forward,recently,2022-02-26 02:33:58
297,349,54,Username_Change,there,study,2021-11-13 22:23:35
298,315,334,Username_Change,blue,oil,2022-04-25 02:44:12
299,206,446,Username_Change,show,animal,2024-04-25 01:42:05
300,162,431,Password_Change,none,learn,2021-01-01 15:24:30
301,112,340,Password_Change,article,goal,2023-05-10 14:46:14
302,445,280,Password_Change,word,off,2024-09-02 03:03:38
303,257,92,Username_Change,bit,condition,2020-09-16 07:23:32
304,50,410,Username_Change,of,decision,2020-12-31 07:55:11
305,452,393,Password_Change,off,mind,2021-12-11 23:57:29
306,500,430,Password_Change,rule,after,2024-02-17 22:48:31
307,65,420,Username_Change,future,difference,2022-06-14 16:34:12
308,155,356,Password_Change,democratic,century,2024-05-26 01:03:21
309,459,487,Password_Change,short,less,2020-09-06 13:11:30
310,220,198,Password_Change,water,help,2023-02-01 14:20:43
311,14,425,Password_Change,ahead,soldier,2024-03-21 22:30:24
312,345,168,Username_Change,major,prove,2020-03-28 09:49:29
313,454,364,Username_Change,across,follow,2020-12-05 23:40:23
314,214,127,Username_Change,everything,choice,2020-11-05 09:50:56
315,43,425,Username_Change,central,herself,2023-06-21 00:17:18
316,467,156,Password_Change,type,despite,2023-03-24 14:24:18
317,178,324,Username_Change,trial,cell,2023-09-20 01:36:22
318,317,95,Password_Change,arrive,control,2021-11-22 15:18:46
319,423,181,Username_Change,manager,whatever,2023-01-21 16:29:04
320,276,87,Password_Change,visit,may,2022-09-10 12:51:12
321,458,311,Password_Change,world,simple,2020-10-11 10:48:09
322,370,20,Password_Change,law,sure,2021-01-17 09:27:20
323,118,116,Username_Change,age,spend,2020-08-16 04:22:43
324,333,183,Password_Change,card,analysis,2022-06-17 06:40:20
325,477,205,Username_Change,so,wonder,2022-03-23 02:06:52
326,189,394,Password_Change,either,threat,2024-04-16 00:54:13
327,84,13,Password_Change,goal,control,2024-04-06 07:01:07
328,216,276,Password_Change,attack,attack,2024-07-12 00:50:45
329,93,8,Password_Change,whole,future,2022-01-06 20:03:52
330,56,162,Username_Change,sense,them,2020-11-02 08:55:14
331,136,184,Password_Change,century,particular,2021-03-17 03:15:18
332,20,251,Password_Change,above,history,2021-12-21 05:28:57
333,405,43,Password_Change,I,job,2021-11-15 17:01:10
334,81,233,Password_Change,religious,tell,2020-02-03 20:53:23
335,5,307,Password_Change,give,also,2024-06-24 02:12:16
336,360,93,Username_Change,appear,notice,2024-03-05 16:24:42
337,489,178,Username_Change,some,officer,2024-02-02 23:21:56
338,93,274,Password_Change,life,player,2023-10-31 19:08:16
339,473,121,Password_Change,charge,try,2021-03-06 13:14:20
340,287,29,Username_Change,himself,yet,2020-09-20 09:23:10
341,491,52,Password_Change,by,career,2020-08-08 10:23:20
342,384,112,Password_Change,activity,business,2020-04-01 21:47:44
343,353,479,Username_Change,pick,ask,2022-04-06 15:23:37
344,433,38,Username_Change,again,vote,2022-02-20 00:54:26
345,472,321,Username_Change,language,garden,2020-12-12 10:10:49
346,186,360,Username_Change,wear,instead,2021-01-22 12:34:54
347,475,428,Password_Change,actually,military,2024-06-05 12:25:40
348,106,138,Password_Change,color,care,2020-01-03 20:56:14
349,387,213,Password_Change,test,deep,2023-01-07 12:17:31
350,180,24,Username_Change,fill,one,2021-11-02 22:42:47
351,391,339,Password_Change,stay,decade,2022-11-29 07:08:23
352,246,50,Password_Change,rest,start,2024-09-08 00:50:01
353,192,312,Username_Change,officer,listen,2021-07-04 16:01:23
354,416,386,Password_Change,together,might,2020-10-13 16:19:38
355,413,240,Password_Change,federal,seem,2023-02-17 23:32:06
356,214,152,Password_Change,often,range,2024-07-02 04:25:44
357,268,135,Username_Change,certain,behavior,2023-04-08 13:16:54
358,86,158,Password_Change,shoulder,bring,2021-08-03 23:48:22
359,476,133,Password_Change,gas,either,2020-11-07 21:58:12
360,332,290,Username_Change,participant,few,2024-09-07 11:44:41
361,495,307,Username_Change,world,maintain,2022-09-13 22:07:12
362,414,37,Password_Change,letter,statement,2022-07-26 19:20:36
363,230,466,Username_Change,rise,father,2020-07-02 14:39:00
364,236,368,Username_Change,their,everybody,2023-08-06 02:54:20
365,383,371,Username_Change,night,eight,2024-02-05 22:44:06
366,289,245,Password_Change,risk,movie,2020-12-29 01:06:06
367,233,3,Username_Change,everyone,girl,2024-02-07 04:06:12
368,94,103,Username_Change,course,worker,2024-05-30 18:32:01
369,288,311,Username_Change,charge,likely,2024-01-20 02:06:30
370,243,148,Password_Change,though,bar,2024-06-28 18:24:17
371,479,470,Username_Change,wrong,item,2024-02-04 11:05:01
372,320,262,Username_Change,ready,research,2023-01-20 11:06:49
373,165,174,Username_Change,detail,article,2022-07-23 18:12:27
374,246,472,Username_Change,blue,person,2023-05-28 16:00:23
375,253,170,Username_Change,entire,able,2020-03-23 09:47:23
376,213,457,Username_Change,account,ever,2024-06-15 07:57:06
377,79,17,Username_Change,that,do,2023-04-26 20:09:31
378,270,97,Password_Change,reality,might,2020-12-07 10:57:29
379,443,389,Password_Change,three,ten,2022-09-22 09:05:01
380,243,227,Username_Change,health,hit,2021-10-21 01:38:08
381,474,250,Username_Change,central,you,2024-11-06 13:52:52
382,221,369,Password_Change,determine,pattern,2020-11-18 07:37:39
383,256,318,Password_Change,reflect,red,2023-05-25 16:28:05
384,162,292,Password_Change,forget,computer,2021-10-11 12:54:46
385,122,130,Password_Change,practice,partner,2021-05-27 23:18:36
386,130,238,Password_Change,state,again,2020-12-04 11:18:53
387,99,177,Password_Change,far,close,2022-08-08 14:28:04
388,236,491,Password_Change,line,talk,2021-02-03 05:45:24
389,467,87,Password_Change,provide,table,2022-06-01 09:10:30
390,360,87,Username_Change,pattern,picture,2023-08-08 06:44:55
391,84,490,Username_Change,with,maintain,2022-03-31 19:08:11
392,293,154,Username_Change,fine,possible,2022-10-05 21:19:58
393,43,85,Password_Change,dog,agree,2022-06-28 14:30:44
394,430,115,Password_Change,medical,live,2022-01-08 17:55:19
395,251,8,Password_Change,light,arrive,2021-12-31 17:24:55
396,328,347,Username_Change,you,and,2024-01-23 18:55:30
397,397,416,Password_Change,with,experience,2023-11-23 14:33:52
398,444,268,Password_Change,push,any,2020-12-27 05:13:07
399,349,457,Password_Change,media,evidence,2021-12-13 11:06:12
400,365,168,Password_Change,often,term,2021-02-28 18:20:31
401,420,89,Username_Change,science,character,2021-07-16 03:03:56
402,332,335,Password_Change,marriage,until,2023-08-06 07:05:09
403,471,83,Username_Change,rate,operation,2022-10-07 12:38:17
404,263,43,Username_Change,cause,leg,2023-09-09 08:45:54
405,478,221,Password_Change,image,since,2020-03-19 13:58:01
406,51,231,Username_Change,Republican,hospital,2024-03-22 18:41:32
407,43,229,Username_Change,environmental,interesting,2023-12-01 12:02:52
408,81,90,Password_Change,stay,long,2020-10-17 02:20:48
409,63,398,Username_Change,clearly,same,2024-04-30 16:54:43
410,152,149,Password_Change,base,pattern,2024-08-25 21:33:37
411,305,312,Password_Change,offer,together,2022-11-29 05:27:21
412,472,172,Username_Change,film,test,2021-02-11 13:08:03
413,159,402,Username_Change,look,listen,2022-12-31 07:34:29
414,419,494,Username_Change,student,hour,2020-10-29 16:34:37
415,256,288,Username_Change,me,way,2021-11-18 17:19:10
416,1,346,Password_Change,race,it,2020-12-01 20:29:35
417,375,283,Password_Change,show,second,2022-04-03 19:56:35
418,160,244,Username_Change,side,power,2022-10-30 05:34:14
419,391,468,Password_Change,available,yard,2024-12-06 12:21:43
420,93,450,Password_Change,customer,parent,2023-03-17 20:40:52
421,215,151,Username_Change,her,manager,2020-01-13 21:21:40
422,340,403,Password_Change,special,check,2020-06-06 10:56:44
423,126,282,Username_Change,number,course,2021-06-05 02:50:05
424,30,321,Username_Change,blood,interview,2022-11-11 01:51:35
425,252,210,Username_Change,bill,ten,2020-09-19 03:34:06
426,267,297,Username_Change,father,ago,2024-06-14 10:55:56
427,120,135,Password_Change,sure,task,2021-05-30 17:43:08
428,64,110,Password_Change,child,job,2020-02-06 05:15:33
429,163,409,Password_Change,activity,part,2021-05-31 06:33:33
430,323,254,Password_Change,music,federal,2022-04-01 17:00:25
431,385,443,Password_Change,somebody,might,2022-05-17 07:34:17
432,400,197,Username_Change,across,little,2022-12-02 01:04:45
433,28,429,Username_Change,weight,least,2021-11-07 22:34:01
434,239,94,Password_Change,least,process,2024-01-08 07:34:58
435,159,450,Username_Change,value,return,2022-11-06 22:56:31
436,478,296,Username_Change,kitchen,reduce,2020-02-11 08:33:22
437,199,341,Password_Change,us,gun,2023-07-25 05:21:32
438,495,206,Username_Change,walk,really,2021-05-26 05:23:34
439,92,233,Username_Change,fast,unit,2023-12-20 07:48:26
440,228,262,Username_Change,east,court,2022-06-24 03:52:28
441,19,295,Username_Change,believe,develop,2022-08-09 12:05:59
442,92,190,Username_Change,push,argue,2021-12-12 16:35:54
443,163,482,Username_Change,own,specific,2021-07-25 01:21:08
444,353,494,Password_Change,again,make,2023-01-18 04:50:29
445,181,396,Username_Change,structure,employee,2023-03-07 11:16:01
446,154,52,Username_Change,quite,common,2022-12-06 06:19:52
447,35,303,Username_Change,term,young,2021-07-30 23:03:30
448,211,266,Password_Change,theory,back,2021-01-04 20:43:22
449,47,185,Username_Change,thought,stay,2020-03-15 01:29:22
450,380,162,Password_Change,key,military,2021-02-04 00:01:56
451,142,451,Username_Change,nearly,may,2024-06-28 04:29:13
452,355,188,Password_Change,little,nature,2021-02-27 02:13:50
453,385,250,Username_Change,record,black,2022-05-08 10:00:40
454,430,270,Username_Change,keep,hospital,2020-06-05 16:32:56
455,198,489,Password_Change,pass,low,2023-04-13 13:38:50
456,199,321,Password_Change,themselves,somebody,2021-07-13 06:15:47
457,187,429,Username_Change,positive,way,2023-04-10 21:47:30
458,253,477,Password_Change,around,hospital,2023-11-23 12:01:31
459,264,288,Password_Change,somebody,fact,2024-09-28 19:12:09
460,476,330,Password_Change,such,impact,2020-04-03 05:41:54
461,286,24,Password_Change,middle,already,2022-03-24 22:39:53
462,477,388,Username_Change,him,thought,2020-06-30 19:09:03
463,296,232,Username_Change,practice,place,2021-11-25 23:56:24
464,112,358,Username_Change,senior,specific,2024-05-15 02:13:57
465,336,273,Username_Change,near,value,2022-08-19 07:17:29
466,219,352,Username_Change,pass,paper,2024-10-05 08:15:37
467,8,327,Password_Change,blood,risk,2022-05-24 08:14:15
468,11,472,Password_Change,talk,by,2020-01-17 23:06:05
469,217,372,Password_Change,person,if,2022-10-13 23:54:35
470,126,36,Username_Change,trial,feeling,2024-12-20 07:38:12
471,60,111,Password_Change,name,true,2020-06-15 13:24:08
472,431,70,Username_Change,without,left,2021-11-02 01:55:31
473,253,499,Password_Change,full,street,2023-04-24 20:31:59
474,49,386,Username_Change,material,wear,2020-09-02 07:22:50
475,259,450,Username_Change,truth,little,2021-04-10 11:35:10
476,442,369,Password_Change,firm,ever,2023-10-07 03:34:20
477,371,288,Password_Change,follow,simply,2022-08-23 18:45:31
478,449,54,Username_Change,weight,product,2023-03-13 02:05:58
479,232,241,Username_Change,generation,performance,2024-07-22 05:51:26
480,233,223,Username_Change,school,sure,2021-01-21 13:11:24
481,488,427,Username_Change,no,moment,2024-10-14 03:39:07
482,165,278,Username_Change,marriage,throughout,2023-12-23 01:27:55
483,142,231,Username_Change,city,enjoy,2023-05-17 11:52:02
484,346,417,Password_Change,cut,end,2020-05-16 22:35:28
485,410,353,Password_Change,father,test,2024-06-10 19:13:24
486,236,224,Username_Change,box,particularly,2022-04-12 05:57:06
487,301,498,Username_Change,instead,trip,2021-06-05 03:27:04
488,304,175,Password_Change,entire,agent,2021-09-13 04:08:51
489,365,249,Password_Change,too,price,2023-10-20 22:53:11
490,140,109,Password_Change,western,end,2023-11-22 11:54:51
491,39,180,Username_Change,order,add,2020-07-30 11:57:31
492,57,113,Username_Change,yard,customer,2020-08-17 04:35:48
493,72,462,Password_Change,property,environment,2022-02-09 08:32:32
494,316,131,Password_Change,miss,knowledge,2022-06-02 09:15:39
495,275,406,Password_Change,wait,toward,2024-12-04 11:55:57
496,7,82,Username_Change,public,idea,2024-08-24 08:44:21
497,442,192,Password_Change,other,alone,2024-08-26 04:06:23
498,8,311,Username_Change,action,wide,2024-07-10 17:37:25
499,338,259,Username_Change,board,popular,2021-11-20 14:30:09
500,269,494,Password_Change,other,yeah,2024-02-13 09:12:36
501,274,125,Username_Change,card,such,2020-11-26 14:24:28
502,249,13,Username_Change,finally,son,2024-02-03 19:19:29
503,52,164,Username_Change,dog,notice,2020-07-14 03:59:26
504,441,375,Username_Change,reflect,though,2022-02-12 18:18:26
505,210,108,Username_Change,score,others,2022-12-06 15:03:38
506,11,136,Password_Change,boy,benefit,2022-09-23 18:01:30
507,8,117,Password_Change,life,table,2022-01-13 20:01:05
508,293,312,Password_Change,responsibility,term,2024-09-19 20:09:49
509,440,96,Password_Change,safe,anything,2024-06-25 20:39:02
510,479,330,Username_Change,then,painting,2024-03-19 12:33:59
511,455,223,Password_Change,technology,power,2021-12-09 03:02:57
512,135,141,Username_Change,perhaps,man,2021-07-02 06:48:32
513,189,282,Password_Change,various,page,2021-01-09 14:32:06
514,361,276,Password_Change,institution,yourself,2022-07-27 23:15:26
515,32,424,Password_Change,meet,spend,2020-01-30 19:49:48
516,186,236,Password_Change,conference,change,2021-08-26 20:21:36
517,352,96,Password_Change,father,rise,2021-05-25 02:43:19
518,221,414,Username_Change,less,culture,2022-08-13 04:33:46
519,38,243,Username_Change,knowledge,simple,2022-06-23 12:18:58
520,487,425,Username_Change,include,physical,2022-12-29 16:29:51
521,375,369,Username_Change,they,edge,2020-08-26 23:01:31
522,190,229,Username_Change,require,and,2020-01-27 20:23:07
523,145,364,Username_Change,us,themselves,2022-04-08 09:01:29
524,390,80,Username_Change,form,focus,2022-11-21 06:26:37
525,226,289,Username_Change,structure,ago,2021-10-27 00:58:33
526,42,341,Password_Change,hair,size,2020-03-12 00:58:15
527,19,363,Password_Change,realize,kind,2021-06-23 19:00:11
528,136,132,Password_Change,series,compare,2021-04-11 01:39:21
529,388,260,Password_Change,treat,per,2023-09-19 06:13:26
530,71,388,Username_Change,some,great,2021-08-23 04:51:13
531,162,77,Password_Change,whose,mind,2024-10-04 12:51:41
532,71,273,Password_Change,spend,forget,2024-09-26 11:12:01
533,371,299,Password_Change,next,now,2021-03-02 10:56:50
534,286,345,Password_Change,glass,defense,2021-10-18 08:23:18
535,88,33,Username_Change,culture,us,2024-05-02 10:38:36
536,480,18,Username_Change,partner,development,2021-09-15 14:47:52
537,331,205,Password_Change,meeting,beautiful,2021-10-26 06:33:11
538,26,24,Password_Change,section,sense,2024-11-21 00:48:28
539,322,41,Username_Change,say,across,2020-10-20 00:32:58
540,160,18,Password_Change,appear,investment,2024-11-29 02:50:02
541,28,66,Username_Change,mission,administration,2023-10-27 22:52:33
542,79,286,Username_Change,where,film,2024-06-11 00:41:49
543,157,266,Username_Change,political,actually,2021-06-06 13:40:42
544,45,157,Username_Change,north,ball,2022-05-13 14:30:38
545,499,376,Username_Change,interest,garden,2020-10-24 13:22:46
546,462,96,Username_Change,maybe,source,2024-12-21 01:50:30
547,151,248,Username_Change,daughter,who,2020-01-26 00:11:49
548,375,41,Password_Change,then,who,2021-01-29 18:55:58
549,74,83,Password_Change,marriage,seven,2022-08-17 00:20:42
550,215,231,Password_Change,various,call,2020-10-08 18:45:45
551,25,192,Password_Change,quickly,shoulder,2021-09-06 06:12:51
552,54,15,Password_Change,specific,system,2023-01-26 17:30:59
553,44,4,Username_Change,couple,book,2021-08-19 08:06:18
554,90,53,Password_Change,let,likely,2023-06-16 11:19:13
555,194,323,Username_Change,reach,purpose,2023-10-01 18:51:57
556,196,266,Password_Change,although,make,2022-07-25 15:32:14
557,294,129,Username_Change,stock,case,2024-07-27 02:22:09
558,140,282,Username_Change,first,catch,2021-12-08 07:04:59
559,413,164,Password_Change,spring,rise,2021-05-18 21:12:13
560,489,168,Username_Change,number,occur,2020-12-05 07:27:34
561,2,169,Password_Change,all,style,2020-04-20 08:25:17
562,425,98,Username_Change,central,series,2023-08-01 16:03:08
563,41,312,Username_Change,watch,computer,2022-04-10 11:18:28
564,347,121,Password_Change,read,above,2024-05-23 01:27:15
565,433,82,Password_Change,happy,whose,2021-05-27 21:34:17
566,331,227,Username_Change,focus,wonder,2020-01-28 10:50:09
567,238,485,Password_Change,generation,produce,2020-08-18 03:39:59
568,12,53,Password_Change,care,probably,2021-08-24 18:57:33
569,212,138,Username_Change,heavy,officer,2024-07-17 22:15:53
570,117,26,Username_Change,sure,notice,2024-03-06 13:29:53
571,421,221,Username_Change,us,identify,2024-01-01 01:20:37
572,6,308,Username_Change,evening,phone,2022-07-27 03:03:36
573,212,87,Username_Change,explain,avoid,2021-05-25 03:11:00
574,287,187,Password_Change,effort,all,2023-01-01 02:10:17
575,233,371,Password_Change,blood,together,2021-04-13 12:37:04
576,313,33,Username_Change,summer,learn,2020-07-03 13:41:36
577,262,429,Username_Change,sound,daughter,2024-03-22 09:55:03
578,147,500,Username_Change,size,expert,2023-04-29 01:47:05
579,465,306,Password_Change,type,move,2024-01-14 19:22:44
580,108,459,Username_Change,politics,beyond,2024-05-26 02:41:17
581,146,40,Password_Change,ago,successful,2020-11-29 23:05:00
582,380,134,Password_Change,our,financial,2020-01-05 03:26:03
583,130,174,Username_Change,idea,wide,2022-12-28 23:01:05
584,100,31,Password_Change,hit,again,2022-02-10 23:35:06
585,495,54,Password_Change,increase,approach,2023-05-25 09:22:12
586,490,104,Password_Change,really,serious,2024-09-23 12:23:45
587,271,370,Password_Change,reveal,accept,2024-10-11 16:31:36
588,136,44,Password_Change,away,industry,2023-06-16 14:43:07
589,203,169,Password_Change,money,blood,2024-03-27 13:56:15
590,4,125,Password_Change,simple,environment,2024-09-02 17:30:50
591,51,359,Username_Change,room,reason,2020-06-03 15:01:55
592,470,286,Password_Change,gas,small,2021-09-11 03:54:31
593,23,52,Username_Change,significant,the,2023-07-27 06:22:01
594,59,271,Username_Change,generation,win,2024-04-28 04:36:32
595,394,315,Username_Change,nation,off,2023-07-03 22:59:25
596,1,260,Username_Change,adult,while,2022-06-13 02:19:57
597,63,444,Username_Change,great,arrive,2020-10-26 07:15:05
598,34,336,Username_Change,general,civil,2022-03-01 11:53:03
599,385,358,Password_Change,style,nice,2021-07-08 04:52:48
600,54,265,Username_Change,reflect,why,2020-06-04 04:14:21
601,63,28,Password_Change,room,school,2023-03-26 18:51:11
602,360,275,Password_Change,hit,threat,2023-05-26 00:19:34
603,75,185,Username_Change,floor,remember,2022-07-21 15:36:15
604,72,111,Username_Change,white,chance,2021-09-02 16:09:31
605,27,195,Password_Change,machine,everything,2020-11-20 17:43:27
606,104,305,Password_Change,star,would,2024-11-17 03:50:39
607,64,284,Password_Change,provide,police,2020-12-16 15:30:38
608,252,436,Username_Change,remember,best,2021-09-25 06:42:34
609,128,301,Username_Change,raise,you,2021-12-25 13:16:22
610,412,43,Password_Change,safe,take,2024-12-21 12:03:09
611,189,99,Username_Change,democratic,production,2024-10-18 02:18:00
612,302,373,Username_Change,television,budget,2023-02-23 23:33:14
613,332,431,Username_Change,magazine,free,2020-03-17 09:06:04
614,326,278,Username_Change,notice,office,2023-09-12 15:38:00
615,86,83,Username_Change,charge,red,2021-06-17 11:46:27
616,252,198,Password_Change,should,create,2020-06-09 09:42:17
617,476,326,Password_Change,plan,century,2024-03-05 09:56:02
618,335,383,Username_Change,site,hotel,2023-04-19 14:10:10
619,373,217,Password_Change,there,deal,2023-04-22 13:39:05
620,262,239,Password_Change,once,boy,2022-08-14 08:14:49
621,362,457,Username_Change,south,dog,2023-12-10 05:03:57
622,190,200,Password_Change,turn,town,2024-09-10 20:42:29
623,374,191,Username_Change,baby,before,2023-01-27 00:33:25
624,300,49,Username_Change,audience,imagine,2021-02-02 22:41:45
625,243,84,Password_Change,model,light,2024-07-22 22:25:10
626,180,70,Username_Change,defense,stand,2021-06-03 05:34:43
627,66,142,Password_Change,today,television,2020-12-29 16:47:41
628,443,170,Password_Change,tough,TV,2022-07-04 19:42:16
629,80,363,Password_Change,interest,into,2024-05-05 16:54:54
630,405,449,Username_Change,his,shake,2024-01-09 21:25:43
631,447,474,Password_Change,above,information,2023-01-05 17:44:38
632,116,480,Password_Change,organization,start,2023-10-29 07:21:06
633,300,339,Password_Change,determine,watch,2022-07-31 17:49:24
634,122,445,Username_Change,rest,final,2021-12-06 06:43:00
635,361,206,Password_Change,conference,husband,2021-05-27 02:51:02
636,279,494,Username_Change,organization,each,2022-03-04 14:18:16
637,402,361,Password_Change,foot,street,2020-09-22 18:36:19
638,497,479,Username_Change,do,model,2023-09-25 14:01:17
639,418,392,Username_Change,culture,important,2021-10-09 14:17:47
640,114,329,Password_Change,story,certainly,2020-01-02 14:48:19
641,402,40,Password_Change,travel,daughter,2024-03-13 00:11:13
642,212,408,Password_Change,win,real,2023-04-03 07:34:28
643,96,287,Username_Change,would,human,2023-01-16 03:45:36
644,351,271,Username_Change,collection,camera,2021-04-30 16:13:20
645,245,282,Password_Change,possible,factor,2023-03-24 00:06:57
646,295,302,Username_Change,remain,everybody,2024-03-24 08:50:17
647,84,455,Username_Change,administration,born,2022-09-04 09:38:05
648,232,200,Password_Change,term,executive,2024-01-27 17:31:01
649,441,26,Password_Change,fine,also,2021-03-11 08:28:12
650,121,275,Password_Change,it,who,2021-09-05 05:22:55
651,114,1,Password_Change,allow,mention,2021-01-12 22:18:58
652,495,284,Username_Change,hot,also,2021-10-23 15:21:47
653,94,280,Username_Change,effect,day,2023-10-28 19:26:51
654,370,381,Username_Change,PM,threat,2020-01-27 18:02:51
655,119,295,Username_Change,radio,city,2022-12-01 12:07:50
656,333,81,Password_Change,card,sometimes,2021-11-08 04:20:56
657,367,142,Password_Change,week,detail,2021-02-08 00:07:15
658,197,414,Username_Change,over,tend,2020-05-31 12:24:17
659,112,79,Username_Change,personal,mouth,2023-05-09 04:13:21
660,494,427,Username_Change,hospital,but,2024-05-31 05:23:31
661,481,291,Username_Change,southern,under,2021-07-22 15:37:02
662,403,425,Password_Change,against,whose,2024-10-08 19:22:41
663,320,2,Username_Change,specific,property,2024-07-21 15:55:54
664,123,419,Password_Change,compare,benefit,2021-12-14 12:08:49
665,210,143,Username_Change,put,store,2023-03-12 11:34:08
666,23,133,Password_Change,too,identify,2020-06-22 18:12:38
667,266,421,Password_Change,today,important,2024-03-19 17:50:17
668,252,418,Username_Change,stay,can,2022-03-09 10:10:15
669,448,156,Password_Change,fight,three,2024-05-09 15:14:59
670,356,370,Username_Change,other,woman,2020-01-11 22:37:36
671,397,184,Username_Change,catch,out,2023-05-27 03:33:17
672,94,490,Username_Change,fall,military,2024-07-06 23:23:58
673,204,2,Password_Change,few,gas,2024-01-21 04:49:00
674,205,390,Password_Change,personal,enough,2023-07-23 15:25:19
675,258,498,Password_Change,check,pick,2022-07-24 00:29:46
676,100,265,Username_Change,of,film,2022-03-21 22:09:07
677,126,179,Password_Change,local,bed,2020-10-30 02:06:20
678,136,375,Username_Change,successful,seek,2022-01-12 18:53:49
679,212,216,Password_Change,measure,fish,2022-07-23 02:04:52
680,301,279,Password_Change,during,apply,2020-01-12 01:35:16
681,428,384,Username_Change,girl,bit,2020-09-25 16:19:45
682,363,405,Password_Change,professional,instead,2020-04-02 10:27:48
683,389,84,Password_Change,him,heavy,2022-06-07 02:31:56
684,497,486,Password_Change,bit,approach,2024-06-21 13:35:13
685,358,228,Password_Change,night,for,2024-06-09 01:55:44
686,341,485,Username_Change,staff,us,2024-03-31 23:05:12
687,346,230,Username_Change,in,their,2022-01-28 23:48:27
688,258,149,Password_Change,down,according,2022-01-26 10:48:36
689,167,69,Password_Change,identify,central,2024-12-16 15:16:05
690,124,175,Password_Change,commercial,drop,2020-08-05 16:42:53
691,341,442,Username_Change,wife,possible,2023-06-24 00:55:26
692,157,124,Password_Change,position,dark,2023-07-27 11:09:39
693,147,148,Password_Change,democratic,property,2024-12-14 14:53:21
694,378,15,Username_Change,close,so,2022-02-05 18:14:32
695,241,494,Username_Change,call,available,2022-08-29 14:34:40
696,147,357,Password_Change,finally,church,2024-09-23 06:03:39
697,389,460,Username_Change,game,drug,2024-01-25 08:17:12
698,79,204,Username_Change,star,voice,2020-12-31 22:28:08
699,491,297,Password_Change,author,join,2021-06-08 04:06:39
700,227,32,Username_Change,military,car,2021-12-20 01:01:16
701,163,437,Username_Change,wonder,board,2024-07-20 18:29:55
702,250,390,Username_Change,stock,like,2022-05-22 23:39:41
703,82,232,Password_Change,student,think,2021-04-09 18:27:55
704,310,206,Password_Change,company,again,2020-06-05 08:19:37
705,91,162,Username_Change,avoid,too,2023-03-10 20:43:50
706,379,222,Username_Change,manage,finally,2022-05-02 06:08:11
707,8,228,Username_Change,mind,picture,2021-08-02 16:15:10
708,185,218,Password_Change,military,early,2024-10-05 22:00:07
709,61,274,Password_Change,similar,center,2020-04-04 02:29:20
710,382,267,Password_Change,despite,walk,2020-11-06 03:59:17
711,4,275,Username_Change,offer,popular,2024-11-18 06:36:40
712,90,197,Password_Change,world,design,2021-04-30 00:58:37
713,107,105,Username_Change,another,stand,2023-09-16 11:39:31
714,115,402,Password_Change,sure,minute,2022-01-30 02:43:50
715,281,32,Password_Change,choose,environmental,2021-07-19 08:22:22
716,135,127,Password_Change,life,well,2022-11-01 05:36:10
717,232,156,Username_Change,country,stuff,2023-01-17 14:21:14
718,89,62,Password_Change,build,radio,2023-12-31 03:03:39
719,203,113,Password_Change,lead,simple,2023-04-16 20:10:13
720,23,360,Username_Change,decide,heavy,2021-11-26 22:30:46
721,427,433,Password_Change,while,item,2024-07-09 10:28:13
722,371,13,Username_Change,drop,law,2020-01-28 12:13:47
723,10,11,Password_Change,provide,local,2022-02-19 02:27:05
724,28,12,Username_Change,pretty,together,2020-09-08 00:41:44
725,377,32,Password_Change,message,important,2022-12-09 16:53:47
726,159,176,Username_Change,include,design,2024-04-30 04:50:09
727,122,80,Password_Change,difference,crime,2022-09-05 18:31:09
728,387,13,Username_Change,student,she,2020-05-25 21:59:12
729,385,390,Password_Change,who,former,2023-03-03 05:10:16
730,86,270,Username_Change,economy,almost,2022-04-12 02:47:34
731,48,126,Password_Change,strong,very,2024-04-02 14:00:59
732,219,106,Password_Change,anything,seem,2024-12-15 19:46:06
733,158,97,Password_Change,century,national,2024-03-02 13:24:56
734,394,405,Username_Change,activity,responsibility,2023-03-24 17:24:16
735,473,350,Username_Change,get,probably,2021-01-11 20:01:21
736,109,5,Password_Change,support,become,2022-02-16 22:07:32
737,227,177,Username_Change,off,money,2022-01-10 22:18:11
738,83,94,Username_Change,car,data,2020-11-02 00:26:45
739,473,426,Password_Change,water,enter,2022-10-22 05:24:23
740,335,83,Password_Change,budget,impact,2022-06-09 10:46:05
741,306,426,Password_Change,technology,trouble,2022-04-11 09:52:40
742,4,398,Password_Change,author,guess,2023-05-13 12:11:22
743,475,227,Username_Change,budget,hotel,2024-04-02 14:24:18
744,426,133,Username_Change,mother,part,2023-07-11 00:34:34
745,487,209,Username_Change,hit,throw,2024-08-07 21:14:34
746,331,463,Password_Change,wear,push,2024-04-18 20:13:37
747,278,142,Password_Change,easy,stage,2023-06-14 17:04:05
748,479,139,Password_Change,them,indicate,2024-11-16 15:37:41
749,152,369,Username_Change,picture,shoulder,2023-11-27 19:30:21
750,29,172,Password_Change,hot,important,2024-05-10 15:14:37
751,166,315,Password_Change,mother,reason,2024-11-23 00:52:06
752,403,453,Username_Change,entire,structure,2022-02-13 01:52:28
753,108,106,Username_Change,book,treatment,2020-08-07 00:44:12
754,177,85,Password_Change,dark,open,2024-10-04 07:41:54
755,270,227,Username_Change,specific,this,2020-11-27 20:48:44
756,29,230,Username_Change,term,notice,2024-01-18 17:38:17
757,343,490,Password_Change,full,several,2023-02-03 07:25:18
758,317,205,Username_Change,various,more,2021-07-08 22:41:13
759,243,215,Password_Change,small,travel,2022-07-31 03:37:34
760,64,462,Password_Change,authority,future,2021-09-22 05:04:25
761,104,140,Username_Change,rich,read,2021-02-12 03:54:04
762,381,387,Username_Change,realize,behind,2021-03-16 22:08:17
763,230,49,Password_Change,each,prepare,2023-02-09 08:21:26
764,419,221,Password_Change,relationship,music,2021-06-14 22:39:06
765,224,394,Username_Change,through,he,2021-03-08 02:58:47
766,344,215,Password_Change,control,nation,2024-01-18 18:29:18
767,243,267,Password_Change,deep,letter,2021-05-19 16:41:12
768,316,292,Password_Change,though,direction,2022-10-07 15:36:48
769,40,6,Username_Change,offer,less,2023-12-17 19:09:35
770,109,360,Password_Change,movie,child,2023-12-12 02:07:52
771,87,192,Username_Change,weight,address,2024-05-06 11:08:32
772,62,144,Username_Change,maintain,people,2023-03-16 06:44:40
773,32,117,Password_Change,together,matter,2023-10-06 05:02:38
774,307,304,Password_Change,enjoy,south,2023-11-26 07:35:27
775,273,195,Password_Change,establish,eight,2021-02-22 21:24:15
776,12,204,Username_Change,measure,car,2020-10-09 17:48:03
777,409,255,Username_Change,boy,agree,2021-01-10 00:30:01
778,289,379,Username_Change,south,win,2020-08-22 17:46:02
779,75,86,Username_Change,much,conference,2024-09-12 09:26:43
780,8,104,Password_Change,remember,dream,2021-07-24 17:05:15
781,274,16,Password_Change,young,figure,2024-08-04 09:12:23
782,227,91,Username_Change,another,everybody,2022-02-26 08:58:45
783,317,246,Password_Change,number,nice,2021-05-25 07:58:49
784,313,243,Username_Change,each,contain,2021-07-10 02:01:16
785,231,401,Password_Change,he,doctor,2021-02-08 19:56:25
786,239,366,Password_Change,newspaper,indeed,2021-08-09 01:37:17
787,46,295,Password_Change,animal,fall,2021-03-27 07:15:49
788,408,162,Password_Change,let,society,2024-01-03 07:58:14
789,456,277,Username_Change,stay,that,2020-08-24 16:31:56
790,64,353,Username_Change,morning,edge,2023-09-13 03:23:30
791,316,29,Username_Change,stuff,scene,2022-11-06 01:55:55
792,262,76,Username_Change,shake,admit,2020-07-30 12:20:45
793,340,400,Password_Change,decade,yeah,2022-02-13 14:21:55
794,374,84,Password_Change,perform,edge,2024-02-03 19:10:42
795,92,134,Password_Change,shake,unit,2022-07-18 11:20:46
796,117,80,Username_Change,as,forward,2022-11-26 00:25:57
797,281,36,Username_Change,defense,alone,2021-04-17 20:10:34
798,340,163,Username_Change,station,where,2023-03-03 18:49:03
799,333,324,Username_Change,bit,seek,2020-07-20 14:09:20
800,422,379,Username_Change,computer,pick,2024-06-16 00:13:12
801,149,11,Password_Change,some,left,2021-11-18 14:20:12
802,482,492,Username_Change,candidate,wait,2024-04-05 05:59:29
803,220,185,Username_Change,from,science,2023-10-27 23:38:09
804,162,208,Username_Change,card,official,2020-10-06 22:38:39
805,13,376,Username_Change,cell,man,2022-11-17 01:58:47
806,103,151,Username_Change,say,high,2021-01-28 20:13:23
807,446,2,Password_Change,military,check,2022-04-01 05:58:41
808,398,252,Username_Change,visit,control,2022-01-25 20:38:50
809,201,222,Username_Change,physical,see,2020-05-11 12:16:58
810,146,284,Password_Change,take,fill,2023-09-06 18:49:57
811,490,429,Password_Change,game,by,2022-01-26 19:40:43
812,43,374,Password_Change,social,quite,2021-08-03 07:03:30
813,469,275,Password_Change,up,claim,2024-11-14 11:03:15
814,158,92,Username_Change,kid,religious,2022-07-25 01:36:13
815,357,78,Username_Change,particularly,southern,2024-05-20 16:33:30
816,59,366,Password_Change,than,impact,2023-05-16 16:40:16
817,204,318,Password_Change,seat,far,2022-12-05 21:01:02
818,367,383,Username_Change,real,hope,2021-04-24 09:22:10
819,89,419,Password_Change,letter,hotel,2023-05-29 19:15:50
820,425,70,Password_Change,article,capital,2022-08-28 12:58:25
821,279,86,Password_Change,activity,or,2022-10-02 13:44:34
822,102,252,Password_Change,stuff,eight,2020-09-16 13:42:18
823,189,383,Username_Change,marriage,cold,2020-03-24 19:23:30
824,427,77,Username_Change,television,moment,2022-06-27 17:12:47
825,162,210,Username_Change,across,land,2020-01-26 01:32:44
826,100,73,Username_Change,already,recently,2020-08-27 01:20:42
827,347,292,Password_Change,wife,side,2020-08-17 00:22:24
828,391,500,Username_Change,paper,memory,2020-01-16 04:15:11
829,145,476,Username_Change,morning,wall,2021-03-23 06:30:14
830,284,159,Username_Change,imagine,situation,2022-12-03 06:24:34
831,337,196,Username_Change,any,lay,2021-11-18 15:48:36
832,168,270,Username_Change,manage,magazine,2024-02-10 19:56:28
833,414,103,Username_Change,position,life,2021-02-05 21:37:02
834,293,73,Username_Change,star,hot,2020-03-24 13:03:45
835,218,365,Username_Change,Congress,voice,2020-09-12 10:24:22
836,425,347,Username_Change,allow,position,2020-12-29 15:42:07
837,207,217,Password_Change,as,life,2022-12-13 04:29:01
838,204,337,Username_Change,mind,network,2022-06-07 12:08:05
839,35,416,Password_Change,discover,cover,2024-12-18 19:00:31
840,184,390,Username_Change,yeah,national,2021-08-28 03:34:30
841,73,163,Password_Change,just,teacher,2021-08-22 07:23:59
842,86,187,Username_Change,star,better,2022-11-19 07:24:47
843,447,422,Username_Change,every,her,2024-07-09 12:04:28
844,64,179,Username_Change,drug,event,2023-09-27 00:43:45
845,196,287,Username_Change,magazine,once,2023-11-04 18:02:38
846,439,290,Username_Change,easy,behavior,2020-08-23 09:52:45
847,488,433,Password_Change,race,push,2022-02-26 13:43:36
848,73,163,Password_Change,before,I,2024-02-04 18:28:53
849,256,359,Password_Change,far,religious,2020-04-20 02:29:08
850,214,36,Username_Change,federal,history,2021-07-08 06:41:02
851,469,381,Password_Change,note,poor,2023-05-29 05:53:34
852,156,421,Username_Change,woman,put,2023-05-18 13:49:00
853,328,391,Username_Change,remember,send,2022-05-02 11:47:10
854,410,16,Password_Change,own,with,2024-11-15 06:04:26
855,201,415,Password_Change,large,season,2024-10-29 16:45:54
856,83,87,Password_Change,paper,marriage,2022-07-03 00:43:59
857,300,15,Username_Change,party,week,2024-12-17 18:33:32
858,49,268,Password_Change,certain,central,2022-10-22 13:20:39
859,286,440,Username_Change,material,cover,2022-03-03 17:50:20
860,379,68,Username_Change,today,pressure,2021-07-09 18:39:31
861,147,39,Username_Change,concern,for,2023-02-07 05:15:16
862,89,138,Username_Change,dinner,now,2023-10-21 00:23:23
863,223,236,Password_Change,boy,skill,2020-08-26 10:27:23
864,344,207,Password_Change,car,out,2021-01-12 19:34:01
865,458,118,Password_Change,camera,view,2023-03-30 06:02:33
866,233,481,Password_Change,lot,anything,2020-07-14 11:58:01
867,371,65,Username_Change,produce,base,2023-07-10 02:36:30
868,299,294,Password_Change,decade,pull,2020-01-03 23:00:59
869,311,188,Username_Change,get,listen,2022-10-12 11:10:47
870,129,310,Username_Change,former,past,2021-11-22 18:15:31
871,357,111,Username_Change,rather,customer,2022-04-29 08:52:22
872,305,293,Username_Change,appear,large,2021-03-29 02:32:52
873,458,113,Password_Change,with,measure,2024-06-11 20:16:10
874,347,492,Username_Change,common,save,2024-04-08 23:47:33
875,464,406,Password_Change,capital,now,2020-09-08 06:16:11
876,201,243,Username_Change,cover,support,2022-08-03 12:09:57
877,407,2,Password_Change,land,tell,2021-02-17 19:00:46
878,400,8,Username_Change,body,stop,2024-10-07 09:48:55
879,238,264,Username_Change,reality,car,2020-09-22 17:19:33
880,195,232,Password_Change,land,fire,2020-10-26 16:26:23
881,115,78,Password_Change,available,from,2020-04-25 21:57:40
882,315,341,Password_Change,ever,create,2021-11-17 13:32:39
883,304,424,Password_Change,history,another,2021-04-30 23:56:42
884,402,255,Username_Change,hospital,save,2022-11-27 18:23:37
885,473,323,Password_Change,accept,laugh,2021-06-01 10:59:25
886,394,117,Password_Change,listen,parent,2022-04-08 08:34:37
887,468,467,Username_Change,catch,pick,2020-06-07 12:26:23
888,64,36,Password_Change,whether,leader,2023-09-23 08:19:41
889,72,377,Password_Change,soldier,group,2023-11-29 03:57:35
890,392,364,Password_Change,along,commercial,2024-11-10 17:30:35
891,447,41,Password_Change,property,center,2023-08-20 10:38:30
892,464,459,Password_Change,employee,student,2024-10-11 14:29:22
893,113,200,Password_Change,official,off,2020-10-25 12:37:40
894,352,156,Username_Change,letter,hundred,2020-02-15 20:09:00
895,366,392,Username_Change,choice,security,2024-11-02 16:59:54
896,280,366,Password_Change,receive,book,2024-01-28 00:55:40
897,477,265,Username_Change,consider,perhaps,2024-02-22 22:33:21
898,372,134,Username_Change,fund,item,2020-04-25 12:02:15
899,479,321,Password_Change,anything,business,2020-09-24 21:49:19
900,29,145,Username_Change,bring,sign,2022-02-28 09:46:54
901,200,276,Password_Change,well,for,2024-07-31 23:57:12
902,109,97,Username_Change,might,year,2024-07-27 15:56:56
903,451,9,Username_Change,growth,Mrs,2023-02-23 14:57:45
904,56,268,Username_Change,speak,stuff,2020-09-11 18:41:52
905,148,263,Password_Change,production,whether,2024-03-30 07:01:00
906,66,289,Username_Change,sport,turn,2022-06-19 09:48:43
907,97,380,Username_Change,perhaps,produce,2021-11-16 03:15:51
908,276,369,Password_Change,himself,perhaps,2021-12-28 16:07:55
909,339,96,Password_Change,reveal,fear,2022-07-28 12:59:40
910,258,238,Password_Change,my,development,2023-03-26 22:36:54
911,85,324,Password_Change,may,pass,2021-03-10 22:08:11
912,163,393,Password_Change,eight,avoid,2023-07-25 16:19:51
913,117,472,Password_Change,surface,smile,2023-10-04 08:38:49
914,80,410,Password_Change,likely,stuff,2020-04-09 06:11:46
915,428,312,Password_Change,company,night,2022-02-18 06:04:13
916,319,147,Username_Change,imagine,certainly,2020-03-09 19:26:59
917,440,343,Username_Change,receive,way,2023-07-09 13:20:30
918,418,486,Password_Change,company,dream,2020-09-09 16:49:32
919,330,458,Username_Change,them,feeling,2022-11-17 18:38:06
920,97,299,Username_Change,cover,among,2020-03-15 11:01:49
921,156,208,Username_Change,sort,budget,2021-06-13 18:12:32
922,109,221,Username_Change,least,bring,2020-04-11 03:40:45
923,201,143,Username_Change,process,center,2021-02-04 07:31:40
924,66,277,Username_Change,raise,security,2022-05-14 20:47:36
925,292,442,Password_Change,dream,include,2024-07-03 03:33:17
926,446,161,Username_Change,century,myself,2024-05-21 21:43:22
927,242,270,Username_Change,million,happen,2024-10-28 03:58:56
928,117,313,Username_Change,themselves,concern,2021-11-22 01:44:03
929,151,192,Username_Change,arrive,hard,2020-11-22 19:37:47
930,8,356,Username_Change,join,while,2021-02-28 16:23:44
931,23,238,Password_Change,religious,school,2021-07-25 21:48:55
932,235,127,Password_Change,car,position,2021-08-13 13:05:48
933,358,461,Username_Change,itself,then,2022-08-29 15:22:45
934,410,167,Password_Change,remain,get,2022-06-17 17:13:02
935,403,492,Password_Change,difficult,activity,2023-12-18 12:57:59
936,319,224,Username_Change,region,themselves,2024-11-12 10:01:26
937,446,474,Password_Change,part,admit,2020-09-11 10:32:49
938,292,108,Username_Change,attention,big,2022-05-05 16:20:24
939,13,84,Password_Change,quality,entire,2023-05-04 04:43:06
940,461,170,Username_Change,cost,consumer,2022-08-02 21:11:43
941,273,162,Password_Change,or,page,2023-05-23 10:18:18
942,168,420,Username_Change,soon,light,2020-03-01 15:16:35
943,423,466,Username_Change,throughout,accept,2021-01-24 20:27:46
944,285,295,Username_Change,material,institution,2023-12-04 10:28:57
945,284,482,Username_Change,watch,truth,2024-10-25 18:11:59
946,3,432,Username_Change,similar,fall,2024-07-17 00:32:58
947,43,104,Password_Change,condition,fear,2024-03-18 04:44:12
948,200,195,Password_Change,establish,far,2020-04-25 05:22:40
949,68,193,Username_Change,its,may,2023-11-18 03:37:18
950,133,140,Username_Change,may,behind,2022-01-16 14:48:03
951,288,46,Username_Change,expect,end,2024-02-22 07:17:28
952,306,22,Username_Change,seven,home,2021-11-12 14:19:06
953,211,131,Username_Change,tonight,campaign,2023-12-10 17:01:13
954,237,8,Username_Change,movie,very,2022-04-03 22:51:11
955,144,248,Password_Change,west,magazine,2023-03-20 09:58:28
956,255,195,Username_Change,event,they,2023-10-10 22:40:32
957,451,163,Password_Change,give,score,2023-09-02 14:00:51
958,51,103,Password_Change,hot,art,2024-11-11 01:45:10
959,53,9,Password_Change,draw,actually,2022-07-29 16:58:12
960,469,42,Username_Change,I,clearly,2020-02-27 18:11:29
961,403,108,Password_Change,oil,drop,2021-04-12 05:15:58
962,428,139,Username_Change,learn,add,2024-02-02 00:53:52
963,95,380,Username_Change,last,should,2022-08-27 03:26:02
964,447,174,Password_Change,nice,above,2022-07-12 10:25:39
965,28,137,Password_Change,left,sign,2022-12-17 14:09:23
966,116,348,Username_Change,guess,tree,2021-12-24 22:37:22
967,238,374,Password_Change,none,part,2024-12-22 02:58:13
968,493,198,Username_Change,new,reality,2023-04-15 16:05:00
969,177,312,Password_Change,player,news,2022-11-19 18:11:08
970,49,492,Password_Change,continue,attorney,2023-03-10 19:37:07
971,271,274,Password_Change,window,at,2024-06-16 13:32:32
972,36,303,Username_Change,us,power,2023-08-22 01:28:46
973,311,60,Password_Change,senior,nearly,2024-01-15 13:47:34
974,296,13,Password_Change,break,someone,2020-03-14 17:40:13
975,403,190,Username_Change,hotel,something,2022-11-20 14:11:31
976,341,434,Password_Change,with,this,2022-09-18 05:15:04
977,360,244,Username_Change,list,image,2022-05-21 12:56:54
978,170,455,Password_Change,sense,be,2022-10-06 00:42:37
979,187,78,Password_Change,term,goal,2023-12-19 19:42:35
980,403,394,Username_Change,suddenly,former,2020-02-05 18:56:00
981,398,422,Password_Change,general,pick,2020-10-01 11:22:09
982,71,257,Password_Change,set,participant,2021-12-04 18:42:23
983,224,147,Username_Change,material,notice,2023-05-02 18:22:19
984,175,103,Password_Change,show,smile,2023-06-06 12:09:57
985,275,347,Username_Change,benefit,paper,2022-06-10 15:56:23
986,131,254,Password_Change,where,appear,2022-11-30 07:36:51
987,187,434,Password_Change,time,trial,2020-08-06 07:02:06
988,437,54,Username_Change,food,require,2022-08-26 18:28:17
989,89,374,Password_Change,too,future,2021-08-06 18:09:03
990,273,283,Password_Change,international,street,2020-09-16 10:33:14
991,326,125,Username_Change,thank,beat,2022-01-31 06:36:50
992,121,271,Password_Change,full,none,2023-05-26 07:47:28
993,78,317,Password_Change,Democrat,enter,2022-03-03 21:20:57
994,230,419,Password_Change,you,family,2021-02-11 00:59:06
995,249,74,Password_Change,impact,general,2024-03-08 16:01:53
996,118,261,Username_Change,free,you,2021-02-08 09:42:28
997,495,130,Password_Change,firm,physical,2021-01-19 13:40:49
998,10,328,Password_Change,event,everything,2024-10-15 06:52:48
999,93,286,Password_Change,value,force,2023-08-08 01:33:31
1000,400,459,Password_Change,case,too,2020-09-14 00:52:48
